time_s,fz_N,velocity_mps,state,surface
0.0,-6.7391,0.0,CONTACT,MIR
0.05,-7.008,0.0,CONTACT,MIR
0.1,-6.6499,0.0,CONTACT,MIR
0.15,-6.6119,0.0,CONTACT,MIR
0.2,-7.1902,0.0,CONTACT,MIR
0.25,-7.0604,0.0,CONTACT,MIR
0.3,-6.7744,0.0,CONTACT,MIR
0.35,-6.8632,0.0,CONTACT,MIR
0.4,-6.8034,0.0,CONTACT,MIR
0.45,-6.9706,0.0,CONTACT,MIR
0.5,-6.6241,0.0,CONTACT,MIR
0.55,-6.6444,0.0,CONTACT,MIR
0.6,-6.7868,0.0,CONTACT,MIR
0.65,-6.5746,0.1808,CONTACT,MIR
0.7,-6.2545,0.0,CONTACT,MIR
0.75,-6.5198,0.0,CONTACT,MIR
0.8,-6.2742,0.0,CONTACT,MIR
0.85,-6.5397,0.0,CONTACT,MIR
0.9,-6.1723,0.0,CONTACT,MIR
0.95,-6.3579,0.0,CONTACT,MIR
1.0,-6.3849,0.0,CONTACT,MIR
1.05,-6.4841,0.0,CONTACT,MIR
1.1,-6.1034,0.0,CONTACT,MIR
1.15,-6.3789,0.0,CONTACT,MIR
1.2,-6.4336,0.0,CONTACT,MIR
1.25,-6.4184,0.1861,CONTACT,MIR
1.3,-6.0686,0.0,CONTACT,MIR
1.35,-6.102,0.0,CONTACT,MIR
1.4,-6.0925,0.0,CONTACT,MIR
1.45,-6.0889,0.0,CONTACT,MIR
1.5,-5.7468,0.0,CONTACT,MIR
1.55,-6.2564,0.0,CONTACT,MIR
1.6,-6.2775,0.0,CONTACT,MIR
1.65,-6.3378,0.0,CONTACT,MIR
1.7,-6.0519,0.0,CONTACT,MIR
1.75,-5.9493,0.0,CONTACT,MIR
1.8,-6.1979,0.1934,CONTACT,MIR
1.85,-6.2963,0.0,CONTACT,MIR
1.9,-6.2932,0.0,CONTACT,MIR
1.95,-5.9982,0.0,CONTACT,MIR
2.0,-5.9796,0.0,CONTACT,MIR
2.05,-6.0197,0.0,CONTACT,MIR
2.1,-6.2614,0.0,CONTACT,MIR
2.15,-6.0819,0.0,CONTACT,MIR
2.2,-6.105,0.0,CONTACT,MIR
2.25,-6.0846,0.0,CONTACT,MIR
2.3,-5.954,0.1985,CONTACT,MIR
2.35,-6.0406,0.0,CONTACT,MIR
2.4,-5.9496,0.0,CONTACT,MIR
2.45,-6.0718,0.0,CONTACT,MIR
2.5,-6.0275,0.0,CONTACT,MIR
2.55,-5.9591,0.0,CONTACT,MIR
2.6,-6.3768,0.0,CONTACT,MIR
2.65,-6.1493,0.0,CONTACT,MIR
2.7,-6.1794,0.0,CONTACT,MIR
2.75,-6.2131,0.1929,CONTACT,MIR
2.8,-6.1017,0.0,CONTACT,MIR
2.85,-5.7477,0.0,CONTACT,MIR
2.9,-6.2198,0.0,CONTACT,MIR
2.95,-5.853,0.0,CONTACT,MIR
3.0,-6.3832,0.0,CONTACT,MIR
3.05,-6.1136,0.0,CONTACT,MIR
3.1,-6.0141,0.0,CONTACT,MIR
3.15,-5.9294,0.0,CONTACT,MIR
3.2,-5.9044,0.1968,CONTACT,MIR
3.25,-5.8773,0.0,CONTACT,MIR
3.3,-6.1057,0.0,CONTACT,MIR
3.35,-6.1284,0.0,CONTACT,MIR
3.4,-5.8644,0.0,CONTACT,MIR
3.45,-6.0742,0.0,CONTACT,MIR
3.5,-6.2911,0.0,CONTACT,MIR
3.55,-6.2626,0.0,CONTACT,MIR
3.6,-6.2199,0.0,CONTACT,MIR
3.65,-5.9365,0.1979,CONTACT,MIR
3.7,-5.9771,0.0,CONTACT,MIR
3.75,-5.8675,0.0,CONTACT,MIR
3.8,-6.091,0.0,CONTACT,MIR
3.85,-5.9739,0.0,CONTACT,MIR
3.9,-5.8804,0.0,CONTACT,MIR
3.95,-6.0674,0.0,CONTACT,MIR
4.0,-5.9142,0.0,CONTACT,MIR
4.05,-6.138,0.0,CONTACT,MIR
4.1,-6.0782,0.1974,CONTACT,MIR
4.15,-6.0824,0.0,CONTACT,MIR
4.2,-6.2452,0.0,CONTACT,MIR
4.25,-5.9087,0.0,CONTACT,MIR
4.3,-6.0999,0.0,CONTACT,MIR
4.35,-6.0036,0.0,CONTACT,MIR
4.4,-5.9099,0.0,CONTACT,MIR
4.45,-5.9168,0.0,CONTACT,MIR
4.5,-5.873,0.0,CONTACT,MIR
4.55,-6.0258,0.1991,CONTACT,MIR
4.6,-6.0881,0.0,CONTACT,MIR
4.65,-6.0194,0.0,CONTACT,MIR
4.7,-6.3409,0.0,CONTACT,MIR
4.75,-6.2929,0.0,CONTACT,MIR
4.8,-6.268,0.0,CONTACT,MIR
4.85,-6.2029,0.0,CONTACT,MIR
4.9,-5.9235,0.0,CONTACT,MIR
4.95,-6.1845,0.0,CONTACT,MIR
5.0,-6.0791,0.1974,CONTACT,MIR
5.05,-5.6876,0.0,CONTACT,MIR
5.1,-6.0187,0.0,CONTACT,MIR
5.15,-5.8,0.0,CONTACT,MIR
5.2,-6.1342,0.0,CONTACT,MIR
5.25,-5.9886,0.0,CONTACT,MIR
5.3,-6.1375,0.0,CONTACT,MIR
5.35,-6.0153,0.0,CONTACT,MIR
5.4,-5.7794,0.0,CONTACT,MIR
5.45,-6.2929,0.1902,CONTACT,MIR
5.5,-5.8664,0.0,CONTACT,MIR
5.55,-5.9058,0.0,CONTACT,MIR
5.6,-6.0721,0.0,CONTACT,MIR
5.65,-6.2425,0.0,CONTACT,MIR
5.7,-5.9389,0.0,CONTACT,MIR
5.75,-6.0592,0.0,CONTACT,MIR
5.8,-5.9068,0.0,CONTACT,MIR
5.85,-5.9489,0.0,CONTACT,MIR
5.9,-5.633,0.1878,CONTACT,MIR
5.95,-6.0182,0.0,CONTACT,MIR
6.0,-6.1751,0.0,CONTACT,MIR
6.05,-5.9345,0.0,CONTACT,MIR
6.1,-5.9264,0.0,CONTACT,MIR
6.15,-5.6985,0.0,CONTACT,MIR
6.2,-5.8033,0.0,CONTACT,MIR
6.25,-5.899,0.0,CONTACT,MIR
6.3,-5.6777,0.0,CONTACT,MIR
6.35,-6.2081,0.1931,CONTACT,MIR
6.4,-6.1247,0.0,CONTACT,MIR
6.45,-6.182,0.0,CONTACT,MIR
6.5,-6.0747,0.0,CONTACT,MIR
6.55,-6.2721,0.0,CONTACT,MIR
6.6,-5.8697,0.0,CONTACT,MIR
6.65,-6.0412,0.0,CONTACT,MIR
6.7,-6.2909,0.0,CONTACT,MIR
6.75,-6.1998,0.0,CONTACT,MIR
6.8,-5.934,0.1978,CONTACT,MIR
6.85,-5.7895,0.0,CONTACT,MIR
6.9,-5.5578,0.0,CONTACT,MIR
6.95,-5.3744,0.0,CONTACT,MIR
7.0,-5.8743,0.0,CONTACT,MIR
7.05,-6.1551,0.0,CONTACT,MIR
7.1,-6.3836,0.0,CONTACT,MIR
7.15,-5.9036,0.0,CONTACT,MIR
7.2,-6.1198,0.0,CONTACT,MIR
7.25,-6.0402,0.1987,CONTACT,MIR
7.3,-6.1117,0.0,CONTACT,MIR
7.35,-6.0174,0.0,CONTACT,MIR
7.4,-5.776,0.0,CONTACT,MIR
7.45,-5.9578,0.0,CONTACT,MIR
7.5,-6.021,0.0,CONTACT,MIR
7.55,-6.1964,0.0,CONTACT,MIR
7.6,-6.3242,0.0,CONTACT,MIR
7.65,-6.0865,0.0,CONTACT,MIR
7.7,-6.0,0.2,CONTACT,MIR
7.75,-5.616,0.0,CONTACT,MIR
7.8,-5.9435,0.0,CONTACT,MIR
7.85,-5.7731,0.0,CONTACT,MIR
7.9,-6.0695,0.0,CONTACT,MIR
7.95,-6.2066,0.0,CONTACT,MIR
8.0,-6.1626,0.0,CONTACT,MIR
8.05,-6.1146,0.0,CONTACT,MIR
8.1,-5.5439,0.1848,CONTACT,MIR
8.15,-6.1567,0.0,CONTACT,MIR
8.2,-5.8247,0.0,CONTACT,MIR
8.25,-6.173,0.0,CONTACT,MIR
8.3,-5.8061,0.0,CONTACT,MIR
8.35,-5.9154,0.0,CONTACT,MIR
8.4,-6.0237,0.0,CONTACT,MIR
8.45,-6.0006,0.0,CONTACT,MIR
8.5,-6.1234,0.1959,CONTACT,MIR
8.55,-5.9022,0.0,CONTACT,MIR
8.6,-6.0825,0.0,CONTACT,MIR
8.65,-6.2366,0.0,CONTACT,MIR
8.7,-6.2471,0.0,CONTACT,MIR
8.75,-5.9569,0.0,CONTACT,MIR
8.8,-5.6756,0.0,CONTACT,MIR
8.85,-5.9595,0.1986,CONTACT,MIR
8.9,-6.0128,0.0,CONTACT,MIR
8.95,-5.9319,0.0,CONTACT,MIR
9.0,-5.7278,0.0,CONTACT,MIR
9.05,-5.9452,0.0,CONTACT,MIR
9.1,-6.0712,0.0,CONTACT,MIR
9.15,-5.7678,0.0,CONTACT,MIR
9.2,-5.9033,0.1968,CONTACT,MIR
9.25,-5.7075,0.0,CONTACT,MIR
9.3,-5.978,0.0,CONTACT,MIR
9.35,-6.2595,0.0,CONTACT,MIR
9.4,-6.2883,0.0,CONTACT,MIR
9.45,-5.6845,0.0,CONTACT,MIR
9.5,-5.6699,0.0,CONTACT,MIR
9.55,-6.0506,0.1983,CONTACT,MIR
9.6,-6.1058,0.0,CONTACT,MIR
9.65,-5.7368,0.0,CONTACT,MIR
9.7,-6.2505,0.0,CONTACT,MIR
9.75,-6.2081,0.0,CONTACT,MIR
9.8,-5.9005,0.0,CONTACT,MIR
9.85,-6.108,0.1964,CONTACT,MIR
9.9,-6.0178,0.0,CONTACT,MIR
9.95,-6.0494,0.0,CONTACT,MIR
10.0,-5.9492,0.0,CONTACT,MIR
10.05,-5.7352,0.0,CONTACT,MIR
10.1,-5.9986,0.0,CONTACT,MIR
10.15,-5.8879,0.1963,CONTACT,MIR
10.2,-6.4412,0.0,CONTACT,MIR
10.25,-6.0409,0.0,CONTACT,MIR
10.3,-6.1998,0.0,CONTACT,MIR
10.35,-6.275,0.0,CONTACT,MIR
10.4,-6.2068,0.0,CONTACT,MIR
10.45,-6.098,0.1967,CONTACT,MIR
10.5,-5.7975,0.0,CONTACT,MIR
10.55,-6.246,0.0,CONTACT,MIR
10.6,-5.9746,0.0,CONTACT,MIR
10.65,-6.0776,0.0,CONTACT,MIR
10.7,-6.0463,0.0,CONTACT,MIR
10.75,-5.7802,0.1927,CONTACT,MIR
10.8,-5.8762,0.0,CONTACT,MIR
10.85,-5.7164,0.0,CONTACT,MIR
10.9,-6.0147,0.0,CONTACT,MIR
10.95,-6.123,0.0,CONTACT,MIR
11.0,-6.0286,0.0,CONTACT,MIR
11.05,-5.9353,0.1978,CONTACT,MIR
11.1,-5.9608,0.0,CONTACT,MIR
11.15,-6.2129,0.0,CONTACT,MIR
11.2,-5.978,0.0,CONTACT,MIR
11.25,-5.9504,0.0,CONTACT,MIR
11.3,-5.4926,0.0,CONTACT,MIR
11.35,-5.6207,0.1874,CONTACT,MIR
11.4,-6.1981,0.0,CONTACT,MIR
11.45,-6.0849,0.0,CONTACT,MIR
11.5,-6.3201,0.0,CONTACT,MIR
11.55,-6.1456,0.0,CONTACT,MIR
11.6,-5.9643,0.0,CONTACT,MIR
11.65,-5.7863,0.1929,CONTACT,MIR
11.7,-6.1533,0.0,CONTACT,MIR
11.75,-6.1383,0.0,CONTACT,MIR
11.8,-6.4369,0.0,CONTACT,MIR
11.85,-6.04,0.0,CONTACT,MIR
11.9,-6.22,0.0,CONTACT,MIR
11.95,-6.1134,0.1962,CONTACT,MIR
12.0,-6.1388,0.0,CONTACT,MIR
12.05,-5.9823,0.0,CONTACT,MIR
12.1,-6.3149,0.0,CONTACT,MIR
12.15,-6.2568,0.0,CONTACT,MIR
12.2,-5.5376,0.0,CONTACT,MIR
12.25,-6.2209,0.1926,CONTACT,MIR
12.3,-6.1647,0.0,CONTACT,MIR
12.35,-5.578,0.0,CONTACT,MIR
12.4,-5.3643,0.0,CONTACT,MIR
12.45,-6.1797,0.0,CONTACT,MIR
12.5,-6.019,0.0,CONTACT,MIR
12.55,-5.877,0.1959,CONTACT,MIR
12.6,-5.6323,0.0,CONTACT,MIR
12.65,-6.1754,0.0,CONTACT,MIR
12.7,-6.0271,0.0,CONTACT,MIR
12.75,-5.8226,0.0,CONTACT,MIR
12.8,-5.8911,0.0,CONTACT,MIR
12.85,-6.0533,0.1982,CONTACT,MIR
12.9,-6.0207,0.0,CONTACT,MIR
12.95,-6.269,0.0,CONTACT,MIR
13.0,-6.0416,0.0,CONTACT,MIR
13.05,-6.0473,0.0,CONTACT,MIR
13.1,-5.9475,0.0,CONTACT,MIR
13.15,-6.105,0.1965,CONTACT,MIR
13.2,-5.8824,0.0,CONTACT,MIR
13.25,-5.7742,0.0,CONTACT,MIR
13.3,-5.9456,0.0,CONTACT,MIR
13.35,-5.9064,0.0,CONTACT,MIR
13.4,-5.9661,0.0,CONTACT,MIR
13.45,-5.9767,0.1992,CONTACT,MIR
13.5,-6.143,0.0,CONTACT,MIR
13.55,-5.9354,0.0,CONTACT,MIR
13.6,-6.0181,0.0,CONTACT,MIR
13.65,-5.58,0.0,CONTACT,MIR
13.7,-5.684,0.0,CONTACT,MIR
13.75,-5.9215,0.1974,CONTACT,MIR
13.8,-6.18,0.0,CONTACT,MIR
13.85,-6.2499,0.0,CONTACT,MIR
13.9,-5.7892,0.0,CONTACT,MIR
13.95,-5.9748,0.0,CONTACT,MIR
14.0,-5.9314,0.0,CONTACT,MIR
14.05,-6.3763,0.1875,CONTACT,MIR
14.1,-5.8218,0.0,CONTACT,MIR
14.15,-5.9164,0.0,CONTACT,MIR
14.2,-6.2294,0.0,CONTACT,MIR
14.25,-6.1016,0.0,CONTACT,MIR
14.3,-5.9546,0.0,CONTACT,MIR
14.35,-5.9968,0.1999,CONTACT,MIR
14.4,-6.0649,0.0,CONTACT,MIR
14.45,-6.0272,0.0,CONTACT,MIR
14.5,-6.0569,0.0,CONTACT,MIR
14.55,-5.976,0.0,CONTACT,MIR
14.6,-5.7122,0.0,CONTACT,MIR
14.65,-6.5198,0.1827,CONTACT,MIR
14.7,-6.0396,0.0,CONTACT,MIR
14.75,-5.9569,0.0,CONTACT,MIR
14.8,-5.933,0.0,CONTACT,MIR
14.85,-6.0666,0.0,CONTACT,MIR
14.9,-6.3436,0.0,CONTACT,MIR
14.95,-5.9266,0.1976,CONTACT,MIR
15.0,-5.6361,0.0,CONTACT,MIR
15.05,-6.2883,0.0,CONTACT,MIR
15.1,-5.8088,0.0,CONTACT,MIR
15.15,-6.0473,0.0,CONTACT,MIR
15.2,-5.9938,0.0,CONTACT,MIR
15.25,-6.1921,0.1936,CONTACT,MIR
15.3,-6.0498,0.0,CONTACT,MIR
15.35,-5.7229,0.0,CONTACT,MIR
15.4,-5.8664,0.0,CONTACT,MIR
15.45,-5.6364,0.0,CONTACT,MIR
15.5,-5.7474,0.0,CONTACT,MIR
15.55,-5.8951,0.1965,CONTACT,MIR
15.6,-5.6774,0.0,CONTACT,MIR
15.65,-5.9384,0.0,CONTACT,MIR
15.7,-5.8606,0.0,CONTACT,MIR
15.75,-6.0855,0.0,CONTACT,MIR
15.8,-6.0129,0.0,CONTACT,MIR
15.85,-6.1657,0.1945,CONTACT,MIR
15.9,-5.8387,0.0,CONTACT,MIR
15.95,-6.2722,0.0,CONTACT,MIR
16.0,-5.8801,0.0,CONTACT,MIR
16.05,-6.0747,0.0,CONTACT,MIR
16.1,-5.8023,0.0,CONTACT,MIR
16.15,-5.8864,0.1962,CONTACT,MIR
16.2,-5.6823,0.0,CONTACT,MIR
16.25,-5.9002,0.0,CONTACT,MIR
16.3,-6.3608,0.0,CONTACT,MIR
16.35,-6.0598,0.0,CONTACT,MIR
16.4,-6.2808,0.0,CONTACT,MIR
16.45,-6.15,0.195,CONTACT,MIR
16.5,-5.7268,0.0,CONTACT,MIR
16.55,-5.9015,0.0,CONTACT,MIR
16.6,-6.1688,0.0,CONTACT,MIR
16.65,-6.2318,0.0,CONTACT,MIR
16.7,-6.0225,0.0,CONTACT,MIR
16.75,-6.2723,0.1909,CONTACT,MIR
16.8,-6.1503,0.0,CONTACT,MIR
16.85,-5.9537,0.0,CONTACT,MIR
16.9,-5.785,0.0,CONTACT,MIR
16.95,-5.8943,0.0,CONTACT,MIR
17.0,-6.4743,0.0,CONTACT,MIR
17.05,-5.9552,0.1985,CONTACT,MIR
17.1,-5.9932,0.0,CONTACT,MIR
17.15,-5.9248,0.0,CONTACT,MIR
17.2,-5.6843,0.0,CONTACT,MIR
17.25,-6.4202,0.0,CONTACT,MIR
17.3,-6.1258,0.0,CONTACT,MIR
17.35,-5.8894,0.1963,CONTACT,MIR
17.4,-6.3224,0.0,CONTACT,MIR
17.45,-5.7109,0.0,CONTACT,MIR
17.5,-5.9324,0.0,CONTACT,MIR
17.55,-5.8367,0.0,CONTACT,MIR
17.6,-6.1203,0.0,CONTACT,MIR
17.65,-5.8433,0.1948,CONTACT,MIR
17.7,-5.8017,0.0,CONTACT,MIR
17.75,-5.9688,0.0,CONTACT,MIR
17.8,-5.9685,0.0,CONTACT,MIR
17.85,-5.9614,0.0,CONTACT,MIR
17.9,-6.1881,0.1937,CONTACT,MIR
17.95,-6.0494,0.0,CONTACT,MIR
18.0,-6.0504,0.0,CONTACT,MIR
18.05,-5.9432,0.0,CONTACT,MIR
18.1,-5.8199,0.0,CONTACT,MIR
18.15,-6.2316,0.1923,CONTACT,MIR
18.2,-6.0411,0.0,CONTACT,MIR
18.25,-5.7198,0.0,CONTACT,MIR
18.3,-6.1648,0.0,CONTACT,MIR
18.35,-6.1806,0.0,CONTACT,MIR
18.4,-5.9756,0.1992,CONTACT,MIR
18.45,-5.8439,0.0,CONTACT,MIR
18.5,-6.0105,0.0,CONTACT,MIR
18.55,-5.747,0.0,CONTACT,MIR
18.6,-5.8415,0.0,CONTACT,MIR
18.65,-5.8445,0.1948,CONTACT,MIR
18.7,-5.9305,0.0,CONTACT,MIR
18.75,-5.5758,0.0,CONTACT,MIR
18.8,-6.0824,0.0,CONTACT,MIR
18.85,-6.442,0.0,CONTACT,MIR
18.9,-5.7205,0.1907,CONTACT,MIR
18.95,-6.1428,0.0,CONTACT,MIR
19.0,-6.0297,0.0,CONTACT,MIR
19.05,-5.7894,0.0,CONTACT,MIR
19.1,-6.3717,0.0,CONTACT,MIR
19.15,-6.3016,0.1899,CONTACT,MIR
19.2,-6.3461,0.0,CONTACT,MIR
19.25,-6.1847,0.0,CONTACT,MIR
19.3,-5.9379,0.0,CONTACT,MIR
19.35,-5.921,0.0,CONTACT,MIR
19.4,-5.9706,0.199,CONTACT,MIR
19.45,-6.294,0.0,CONTACT,MIR
19.5,-6.4735,0.0,CONTACT,MIR
19.55,-6.0006,0.0,CONTACT,MIR
19.6,-6.1058,0.0,CONTACT,MIR
19.65,-5.9196,0.1973,CONTACT,MIR
19.7,-5.8393,0.0,CONTACT,MIR
19.75,-5.9521,0.0,CONTACT,MIR
19.8,-5.8277,0.0,CONTACT,MIR
19.85,-5.9339,0.0,CONTACT,MIR
19.9,-5.8737,0.1958,CONTACT,MIR
19.95,-6.1436,0.0,CONTACT,MIR
20.0,-6.0386,0.0,CONTACT,MIR
20.05,-5.9633,0.0,CONTACT,MIR
20.1,-5.8385,0.1946,CONTACT,MIR
20.15,-6.082,0.0,CONTACT,MIR
20.2,-5.8991,0.0,CONTACT,MIR
20.25,-6.0565,0.0,CONTACT,MIR
20.3,-6.0268,0.1991,CONTACT,MIR
20.35,-5.8348,0.0,CONTACT,MIR
20.4,-6.3993,0.0,CONTACT,MIR
20.45,-6.26,0.0,CONTACT,MIR
20.5,-6.2972,0.1901,CONTACT,MIR
20.55,-6.4358,0.0,CONTACT,MIR
20.6,-6.1047,0.0,CONTACT,MIR
20.65,-5.8192,0.0,CONTACT,MIR
20.7,-6.026,0.1991,CONTACT,MIR
20.75,-5.9141,0.0,CONTACT,MIR
20.8,-5.7358,0.0,CONTACT,MIR
20.85,-5.6881,0.0,CONTACT,MIR
20.9,-5.9675,0.1989,CONTACT,MIR
20.95,-5.7107,0.0,CONTACT,MIR
21.0,-5.963,0.0,CONTACT,MIR
21.05,-6.1489,0.0,CONTACT,MIR
21.1,-6.1003,0.1967,CONTACT,MIR
21.15,-6.2806,0.0,CONTACT,MIR
21.2,-6.1621,0.0,CONTACT,MIR
21.25,-6.0561,0.0,CONTACT,MIR
21.3,-5.8238,0.1941,CONTACT,MIR
21.35,-5.6274,0.0,CONTACT,MIR
21.4,-6.248,0.0,CONTACT,MIR
21.45,-5.893,0.0,CONTACT,MIR
21.5,-6.1797,0.194,CONTACT,MIR
21.55,-5.8787,0.0,CONTACT,MIR
21.6,-5.9999,0.0,CONTACT,MIR
21.65,-6.3398,0.0,CONTACT,MIR
21.7,-5.788,0.1929,CONTACT,MIR
21.75,-6.0944,0.0,CONTACT,MIR
21.8,-6.0802,0.0,CONTACT,MIR
21.85,-6.1874,0.0,CONTACT,MIR
21.9,-6.1043,0.1965,CONTACT,MIR
21.95,-5.8692,0.0,CONTACT,MIR
22.0,-5.9926,0.0,CONTACT,MIR
22.05,-5.889,0.0,CONTACT,MIR
22.1,-5.8824,0.1961,CONTACT,MIR
22.15,-5.7053,0.0,CONTACT,MIR
22.2,-6.038,0.0,CONTACT,MIR
22.25,-6.2648,0.0,CONTACT,MIR
22.3,-5.756,0.1919,CONTACT,MIR
22.35,-6.0452,0.0,CONTACT,MIR
22.4,-5.756,0.0,CONTACT,MIR
22.45,-5.9022,0.0,CONTACT,MIR
22.5,-6.0051,0.1998,CONTACT,MIR
22.55,-5.9208,0.0,CONTACT,MIR
22.6,-5.6003,0.0,CONTACT,MIR
22.65,-5.5751,0.0,CONTACT,MIR
22.7,-5.9767,0.1992,CONTACT,MIR
22.75,-5.9956,0.0,CONTACT,MIR
22.8,-5.8124,0.0,CONTACT,MIR
22.85,-6.1967,0.0,CONTACT,MIR
22.9,-5.961,0.1987,CONTACT,MIR
22.95,-6.0342,0.0,CONTACT,MIR
23.0,-5.9662,0.0,CONTACT,MIR
23.05,-6.1957,0.0,CONTACT,MIR
23.1,-6.3469,0.0,CONTACT,MIR
23.15,-6.4436,0.1852,CONTACT,MIR
23.2,-6.213,0.0,CONTACT,MIR
23.25,-6.0813,0.0,CONTACT,MIR
23.3,-6.0482,0.0,CONTACT,MIR
23.35,-5.6021,0.0,CONTACT,MIR
23.4,-5.7683,0.1923,CONTACT,MIR
23.45,-6.1934,0.0,CONTACT,MIR
23.5,-5.9315,0.0,CONTACT,MIR
23.55,-6.0824,0.0,CONTACT,MIR
23.6,-6.0579,0.0,CONTACT,MIR
23.65,-5.9639,0.1988,CONTACT,MIR
23.7,-5.868,0.0,CONTACT,MIR
23.75,-6.0597,0.0,CONTACT,MIR
23.8,-5.7791,0.0,CONTACT,MIR
23.85,-6.2202,0.0,CONTACT,MIR
23.9,-5.9906,0.1997,CONTACT,MIR
23.95,-5.4756,0.0,CONTACT,MIR
24.0,-5.9505,0.0,CONTACT,MIR
24.05,-5.7085,0.0,CONTACT,MIR
24.1,-5.9768,0.0,CONTACT,MIR
24.15,-5.879,0.196,CONTACT,MIR
24.2,-6.0469,0.0,CONTACT,MIR
24.25,-6.0696,0.0,CONTACT,MIR
24.3,-6.1914,0.0,CONTACT,MIR
24.35,-5.9495,0.0,CONTACT,MIR
24.4,-6.2058,0.1931,CONTACT,MIR
24.45,-5.8839,0.0,CONTACT,MIR
24.5,-5.7999,0.0,CONTACT,MIR
24.55,-5.9437,0.0,CONTACT,MIR
24.6,-6.0742,0.0,CONTACT,MIR
24.65,-5.9262,0.1975,CONTACT,MIR
24.7,-6.0936,0.0,CONTACT,MIR
24.75,-5.8448,0.0,CONTACT,MIR
24.8,-6.3982,0.0,CONTACT,MIR
24.85,-6.099,0.0,CONTACT,MIR
24.9,-6.43,0.1857,CONTACT,MIR
24.95,-6.2963,0.0,CONTACT,MIR
25.0,-5.7245,0.0,CONTACT,MIR
25.05,-5.8182,0.0,CONTACT,MIR
25.1,-6.1412,0.0,CONTACT,MIR
25.15,-6.2978,0.1901,CONTACT,MIR
25.2,-6.579,0.0,CONTACT,MIR
25.25,-6.0948,0.0,CONTACT,MIR
25.3,-5.5021,0.0,CONTACT,MIR
25.35,-5.8992,0.0,CONTACT,MIR
25.4,-6.0981,0.1967,CONTACT,MIR
25.45,-5.8862,0.0,CONTACT,MIR
25.5,-6.2914,0.0,CONTACT,MIR
25.55,-6.0387,0.0,CONTACT,MIR
25.6,-5.9593,0.0,CONTACT,MIR
25.65,-5.9964,0.1999,CONTACT,MIR
25.7,-5.8142,0.0,CONTACT,MIR
25.75,-5.9034,0.0,CONTACT,MIR
25.8,-5.8387,0.0,CONTACT,MIR
25.85,-6.11,0.0,CONTACT,MIR
25.9,-5.7928,0.1931,CONTACT,MIR
25.95,-5.6682,0.0,CONTACT,MIR
26.0,-6.188,0.0,CONTACT,MIR
26.05,-6.1715,0.0,CONTACT,MIR
26.1,-5.7268,0.0,CONTACT,MIR
26.15,-6.0322,0.1989,CONTACT,MIR
26.2,-5.7217,0.0,CONTACT,MIR
26.25,-6.091,0.0,CONTACT,MIR
26.3,-5.7115,0.0,CONTACT,MIR
26.35,-5.9762,0.0,CONTACT,MIR
26.4,-5.9509,0.1984,CONTACT,MIR
26.45,-5.7115,0.0,CONTACT,MIR
26.5,-6.0968,0.0,CONTACT,MIR
26.55,-6.2127,0.0,CONTACT,MIR
26.6,-6.1142,0.0,CONTACT,MIR
26.65,-5.934,0.1978,CONTACT,MIR
26.7,-6.3348,0.0,CONTACT,MIR
26.75,-5.8942,0.0,CONTACT,MIR
26.8,-6.1294,0.0,CONTACT,MIR
26.85,-5.7921,0.0,CONTACT,MIR
26.9,-6.5005,0.1833,CONTACT,MIR
26.95,-6.153,0.0,CONTACT,MIR
27.0,-6.3329,0.0,CONTACT,MIR
27.05,-6.1609,0.0,CONTACT,MIR
27.1,-5.9461,0.0,CONTACT,MIR
27.15,-6.0315,0.199,CONTACT,MIR
27.2,-6.0213,0.0,CONTACT,MIR
27.25,-6.0025,0.0,CONTACT,MIR
27.3,-5.93,0.0,CONTACT,MIR
27.35,-6.1724,0.0,CONTACT,MIR
27.4,-5.8293,0.1943,CONTACT,MIR
27.45,-5.8399,0.0,CONTACT,MIR
27.5,-5.8954,0.0,CONTACT,MIR
27.55,-5.8611,0.0,CONTACT,MIR
27.6,-5.9132,0.1971,CONTACT,MIR
27.65,-5.585,0.0,CONTACT,MIR
27.7,-6.0095,0.0,CONTACT,MIR
27.75,-6.0535,0.0,CONTACT,MIR
27.8,-6.1428,0.1952,CONTACT,MIR
27.85,-6.2069,0.0,CONTACT,MIR
27.9,-6.2493,0.0,CONTACT,MIR
27.95,-6.1782,0.0,CONTACT,MIR
28.0,-6.0146,0.1995,CONTACT,MIR
28.05,-5.9076,0.0,CONTACT,MIR
28.1,-5.9642,0.0,CONTACT,MIR
28.15,-6.1276,0.0,CONTACT,MIR
28.2,-5.7944,0.1931,CONTACT,MIR
28.25,-5.8348,0.0,CONTACT,MIR
28.3,-6.0146,0.0,CONTACT,MIR
28.35,-6.1133,0.0,CONTACT,MIR
28.4,-5.873,0.1958,CONTACT,MIR
28.45,-5.9517,0.0,CONTACT,MIR
28.5,-6.2789,0.0,CONTACT,MIR
28.55,-6.0029,0.0,CONTACT,MIR
28.6,-5.9369,0.1979,CONTACT,MIR
28.65,-6.1624,0.0,CONTACT,MIR
28.7,-5.9445,0.0,CONTACT,MIR
28.75,-6.2734,0.0,CONTACT,MIR
28.8,-5.7152,0.1905,CONTACT,MIR
28.85,-5.7291,0.0,CONTACT,MIR
28.9,-6.0291,0.0,CONTACT,MIR
28.95,-5.906,0.0,CONTACT,MIR
29.0,-6.4606,0.1846,CONTACT,MIR
29.05,-6.2049,0.0,CONTACT,MIR
29.1,-6.0324,0.0,CONTACT,MIR
29.15,-6.1881,0.0,CONTACT,MIR
29.2,-5.8308,0.1944,CONTACT,MIR
29.25,-5.5639,0.0,CONTACT,MIR
29.3,-6.1987,0.0,CONTACT,MIR
29.35,-6.1309,0.0,CONTACT,MIR
29.4,-5.9163,0.1972,CONTACT,MIR
29.45,-5.6488,0.0,CONTACT,MIR
29.5,-6.2155,0.0,CONTACT,MIR
29.55,-5.9212,0.0,CONTACT,MIR
29.6,-5.6068,0.1869,CONTACT,MIR
29.65,-6.3257,0.0,CONTACT,MIR
29.7,-6.2515,0.0,CONTACT,MIR
29.75,-6.08,0.0,CONTACT,MIR
29.8,-6.0994,0.1967,CONTACT,MIR
29.85,-5.8025,0.0,CONTACT,MIR
29.9,-5.9167,0.0,CONTACT,MIR
29.95,-6.32,0.0,CONTACT,MIR
30.0,-5.862,0.1954,CONTACT,MIR
30.05,-6.0845,0.0,CONTACT,MIR
30.1,-5.7141,0.0,CONTACT,MIR
30.15,-6.0945,0.0,CONTACT,MIR
30.2,-6.0963,0.1968,CONTACT,MIR
30.25,-5.8612,0.0,CONTACT,MIR
30.3,-5.8168,0.0,CONTACT,MIR
30.35,-5.8798,0.0,CONTACT,MIR
30.4,-6.3065,0.1898,CONTACT,MIR
30.45,-5.8672,0.0,CONTACT,MIR
30.5,-6.1817,0.0,CONTACT,MIR
30.55,-5.9278,0.0,CONTACT,MIR
30.6,-6.2596,0.1913,CONTACT,MIR
30.65,-5.8761,0.0,CONTACT,MIR
30.7,-6.1267,0.0,CONTACT,MIR
30.75,-6.2219,0.0,CONTACT,MIR
30.8,-5.8226,0.1941,CONTACT,MIR
30.85,-5.9152,0.0,CONTACT,MIR
30.9,-6.0863,0.0,CONTACT,MIR
30.95,-5.6733,0.0,CONTACT,MIR
31.0,-6.0516,0.1983,CONTACT,MIR
31.05,-5.968,0.0,CONTACT,MIR
31.1,-5.9207,0.0,CONTACT,MIR
31.15,-6.0984,0.0,CONTACT,MIR
31.2,-5.8802,0.196,CONTACT,MIR
31.25,-6.0864,0.0,CONTACT,MIR
31.3,-6.0621,0.0,CONTACT,MIR
31.35,-5.7072,0.0,CONTACT,MIR
31.4,-6.1879,0.1937,CONTACT,MIR
31.45,-6.4606,0.0,CONTACT,MIR
31.5,-5.6558,0.0,CONTACT,MIR
31.55,-5.4681,0.0,CONTACT,MIR
31.6,-6.0591,0.198,CONTACT,MIR
31.65,-6.3796,0.0,CONTACT,MIR
31.7,-6.0544,0.0,CONTACT,MIR
31.75,-6.0495,0.0,CONTACT,MIR
31.8,-6.0302,0.199,CONTACT,MIR
31.85,-6.1944,0.0,CONTACT,MIR
31.9,-5.8558,0.0,CONTACT,MIR
31.95,-5.8668,0.0,CONTACT,MIR
32.0,-6.2706,0.191,CONTACT,MIR
32.05,-5.8244,0.0,CONTACT,MIR
32.1,-5.5537,0.0,CONTACT,MIR
32.15,-5.9298,0.0,CONTACT,MIR
32.2,-6.0317,0.1989,CONTACT,MIR
32.25,-6.019,0.0,CONTACT,MIR
32.3,-5.8676,0.0,CONTACT,MIR
32.35,-6.3368,0.0,CONTACT,MIR
32.4,-5.9578,0.1986,CONTACT,MIR
32.45,-6.0615,0.0,CONTACT,MIR
32.5,-5.6138,0.0,CONTACT,MIR
32.55,-6.0182,0.0,CONTACT,MIR
32.6,-5.6498,0.1883,CONTACT,MIR
32.65,-6.2304,0.0,CONTACT,MIR
32.7,-5.8922,0.0,CONTACT,MIR
32.75,-5.9458,0.0,CONTACT,MIR
32.8,-6.1835,0.1939,CONTACT,MIR
32.85,-5.9641,0.0,CONTACT,MIR
32.9,-5.7571,0.0,CONTACT,MIR
32.95,-6.0643,0.0,CONTACT,MIR
33.0,-6.338,0.1887,CONTACT,MIR
33.05,-5.9982,0.0,CONTACT,MIR
33.1,-6.1751,0.0,CONTACT,MIR
33.15,-6.0631,0.0,CONTACT,MIR
33.2,-6.011,0.1996,CONTACT,MIR
33.25,-6.3259,0.0,CONTACT,MIR
33.3,-6.3079,0.0,CONTACT,MIR
33.35,-5.8883,0.0,CONTACT,MIR
33.4,-6.0893,0.197,CONTACT,MIR
33.45,-6.4732,0.0,CONTACT,MIR
33.5,-5.8033,0.0,CONTACT,MIR
33.55,-5.9058,0.0,CONTACT,MIR
33.6,-6.1031,0.1966,CONTACT,MIR
33.65,-6.2122,0.0,CONTACT,MIR
33.7,-5.7817,0.0,CONTACT,MIR
33.75,-5.879,0.0,CONTACT,MIR
33.8,-5.4724,0.1824,CONTACT,MIR
33.85,-5.891,0.0,CONTACT,MIR
33.9,-5.8975,0.0,CONTACT,MIR
33.95,-6.0084,0.0,CONTACT,MIR
34.0,-5.8117,0.1937,CONTACT,MIR
34.05,-5.8657,0.0,CONTACT,MIR
34.1,-5.7404,0.0,CONTACT,MIR
34.15,-6.095,0.0,CONTACT,MIR
34.2,-6.0778,0.1974,CONTACT,MIR
34.25,-6.0954,0.0,CONTACT,MIR
34.3,-5.8414,0.0,CONTACT,MIR
34.35,-5.6999,0.0,CONTACT,MIR
34.4,-6.0913,0.197,CONTACT,MIR
34.45,-6.0954,0.0,CONTACT,MIR
34.5,-5.9476,0.0,CONTACT,MIR
34.55,-6.0596,0.0,CONTACT,MIR
34.6,-5.82,0.194,CONTACT,MIR
34.65,-6.4639,0.0,CONTACT,MIR
34.7,-6.1789,0.0,CONTACT,MIR
34.75,-6.17,0.0,CONTACT,MIR
34.8,-6.4776,0.1841,CONTACT,MIR
34.85,-6.1546,0.0,CONTACT,MIR
34.9,-6.1449,0.0,CONTACT,MIR
34.95,-6.0021,0.0,CONTACT,MIR
35.0,-5.7393,0.1913,CONTACT,MIR
35.05,-6.0093,0.0,CONTACT,MIR
35.1,-6.1664,0.0,CONTACT,MIR
35.15,-5.9717,0.0,CONTACT,MIR
35.2,-5.7504,0.1917,CONTACT,MIR
35.25,-6.1596,0.0,CONTACT,MIR
35.3,-6.1465,0.0,CONTACT,MIR
35.35,-5.8527,0.0,CONTACT,MIR
35.4,-6.0087,0.1997,CONTACT,MIR
35.45,-5.8282,0.0,CONTACT,MIR
35.5,-5.9604,0.0,CONTACT,MIR
35.55,-5.8173,0.0,CONTACT,MIR
35.6,-6.1647,0.1945,CONTACT,MIR
35.65,-5.9693,0.0,CONTACT,MIR
35.7,-6.009,0.0,CONTACT,MIR
35.75,-6.21,0.0,CONTACT,MIR
35.8,-6.2795,0.1907,CONTACT,MIR
35.85,-5.811,0.0,CONTACT,MIR
35.9,-6.0183,0.0,CONTACT,MIR
35.95,-6.1526,0.0,CONTACT,MIR
36.0,-5.9674,0.1989,CONTACT,MIR
36.05,-5.7246,0.0,CONTACT,MIR
36.1,-6.4063,0.0,CONTACT,MIR
36.15,-6.2495,0.0,CONTACT,MIR
36.2,-6.1347,0.1955,CONTACT,MIR
36.25,-5.6373,0.0,CONTACT,MIR
36.3,-5.873,0.0,CONTACT,MIR
36.35,-5.7761,0.0,CONTACT,MIR
36.4,-6.1576,0.1947,CONTACT,MIR
36.45,-6.1757,0.0,CONTACT,MIR
36.5,-5.8622,0.0,CONTACT,MIR
36.55,-5.9401,0.0,CONTACT,MIR
36.6,-5.842,0.1947,CONTACT,MIR
36.65,-5.9965,0.0,CONTACT,MIR
36.7,-5.9034,0.0,CONTACT,MIR
36.75,-5.9274,0.0,CONTACT,MIR
36.8,-5.8034,0.1934,CONTACT,MIR
36.85,-5.8124,0.0,CONTACT,MIR
36.9,-6.2977,0.0,CONTACT,MIR
36.95,-6.4232,0.0,CONTACT,MIR
37.0,-5.7734,0.1924,CONTACT,MIR
37.05,-5.7239,0.0,CONTACT,MIR
37.1,-6.1656,0.0,CONTACT,MIR
37.15,-6.3335,0.0,CONTACT,MIR
37.2,-5.9417,0.1981,CONTACT,MIR
37.25,-5.7687,0.0,CONTACT,MIR
37.3,-5.5954,0.0,CONTACT,MIR
37.35,-5.8516,0.0,CONTACT,MIR
37.4,-6.0292,0.199,CONTACT,MIR
37.45,-6.1637,0.0,CONTACT,MIR
37.5,-5.9828,0.0,CONTACT,MIR
37.55,-6.045,0.0,CONTACT,MIR
37.6,-6.1881,0.1937,CONTACT,MIR
37.65,-5.5602,0.0,CONTACT,MIR
37.7,-5.6129,0.0,CONTACT,MIR
37.75,-5.7427,0.0,CONTACT,MIR
37.8,-6.1541,0.1949,CONTACT,MIR
37.85,-5.8361,0.0,CONTACT,MIR
37.9,-5.8792,0.0,CONTACT,MIR
37.95,-5.9186,0.0,CONTACT,MIR
38.0,-5.7572,0.1919,CONTACT,MIR
38.05,-5.9044,0.0,CONTACT,MIR
38.1,-5.8835,0.0,CONTACT,MIR
38.15,-5.9041,0.0,CONTACT,MIR
38.2,-5.9633,0.1988,CONTACT,MIR
38.25,-6.402,0.0,CONTACT,MIR
38.3,-6.0285,0.0,CONTACT,MIR
38.35,-6.1565,0.0,CONTACT,MIR
38.4,-6.3012,0.19,CONTACT,MIR
38.45,-5.6734,0.0,CONTACT,MIR
38.5,-5.6639,0.0,CONTACT,MIR
38.55,-5.7379,0.0,CONTACT,MIR
38.6,-5.9587,0.1986,CONTACT,MIR
38.65,-5.7783,0.0,CONTACT,MIR
38.7,-6.046,0.0,CONTACT,MIR
38.75,-6.0078,0.0,CONTACT,MIR
38.8,-6.2671,0.1911,CONTACT,MIR
38.85,-5.965,0.0,CONTACT,MIR
38.9,-6.0323,0.0,CONTACT,MIR
38.95,-6.3049,0.0,CONTACT,MIR
39.0,-6.0547,0.1982,CONTACT,MIR
39.05,-6.0461,0.0,CONTACT,MIR
39.1,-5.6706,0.0,CONTACT,MIR
39.15,-5.8513,0.0,CONTACT,MIR
39.2,-6.0278,0.1991,CONTACT,MIR
39.25,-5.9965,0.0,CONTACT,MIR
39.3,-6.0375,0.0,CONTACT,MIR
39.35,-6.0869,0.1971,CONTACT,MIR
39.4,-6.258,0.0,CONTACT,MIR
39.45,-6.0717,0.0,CONTACT,MIR
39.5,-6.1907,0.1936,CONTACT,MIR
39.55,-6.2707,0.0,CONTACT,MIR
39.6,-5.9184,0.0,CONTACT,MIR
39.65,-5.9424,0.1981,CONTACT,MIR
39.7,-6.3727,0.0,CONTACT,MIR
39.75,-6.0399,0.0,CONTACT,MIR
39.8,-5.8163,0.1939,CONTACT,MIR
39.85,-5.7944,0.0,CONTACT,MIR
39.9,-5.8011,0.0,CONTACT,MIR
39.95,-5.9985,0.1999,CONTACT,MIR
40.0,-6.1915,0.0,CONTACT,MIR
40.05,-6.2392,0.0,CONTACT,MIR
40.1,-5.9536,0.1985,CONTACT,MIR
40.15,-5.9313,0.0,CONTACT,MIR
40.2,-5.7496,0.0,CONTACT,MIR
40.25,-5.7871,0.1929,CONTACT,MIR
40.3,-6.0548,0.0,CONTACT,MIR
40.35,-6.2772,0.0,CONTACT,MIR
40.4,-6.0922,0.1969,CONTACT,MIR
40.45,-5.968,0.0,CONTACT,MIR
40.5,-6.0518,0.0,CONTACT,MIR
40.55,-6.127,0.1958,CONTACT,MIR
40.6,-5.955,0.0,CONTACT,MIR
40.65,-6.1063,0.0,CONTACT,MIR
40.7,-6.1312,0.1956,CONTACT,MIR
40.75,-5.9356,0.0,CONTACT,MIR
40.8,-6.0782,0.0,CONTACT,MIR
40.85,-5.949,0.1983,CONTACT,MIR
40.9,-5.9447,0.0,CONTACT,MIR
40.95,-6.2272,0.0,CONTACT,MIR
41.0,-6.0956,0.1968,CONTACT,MIR
41.05,-5.7011,0.0,CONTACT,MIR
41.1,-6.2211,0.0,CONTACT,MIR
41.15,-6.412,0.1863,CONTACT,MIR
41.2,-6.3476,0.0,CONTACT,MIR
41.25,-5.9694,0.0,CONTACT,MIR
41.3,-5.9691,0.199,CONTACT,MIR
41.35,-5.9873,0.0,CONTACT,MIR
41.4,-5.721,0.0,CONTACT,MIR
41.45,-6.4984,0.1834,CONTACT,MIR
41.5,-5.8764,0.0,CONTACT,MIR
41.55,-5.6433,0.0,CONTACT,MIR
41.6,-6.1811,0.194,CONTACT,MIR
41.65,-6.0435,0.0,CONTACT,MIR
41.7,-6.1181,0.0,CONTACT,MIR
41.75,-6.1464,0.1951,CONTACT,MIR
41.8,-6.0205,0.0,CONTACT,MIR
41.85,-5.6697,0.0,CONTACT,MIR
41.9,-5.5877,0.1863,CONTACT,MIR
41.95,-6.0513,0.0,CONTACT,MIR
42.0,-5.6031,0.0,CONTACT,MIR
42.05,-5.977,0.1992,CONTACT,MIR
42.1,-5.6481,0.0,CONTACT,MIR
42.15,-6.0175,0.0,CONTACT,MIR
42.2,-5.9726,0.1991,CONTACT,MIR
42.25,-5.9402,0.0,CONTACT,MIR
42.3,-5.3775,0.0,CONTACT,MIR
42.35,-5.8431,0.1948,CONTACT,MIR
42.4,-6.1883,0.0,CONTACT,MIR
42.45,-5.8531,0.0,CONTACT,MIR
42.5,-6.1192,0.196,CONTACT,MIR
42.55,-6.1384,0.0,CONTACT,MIR
42.6,-5.8587,0.0,CONTACT,MIR
42.65,-6.0342,0.1989,CONTACT,MIR
42.7,-5.9835,0.0,CONTACT,MIR
42.75,-6.0364,0.0,CONTACT,MIR
42.8,-5.9719,0.1991,CONTACT,MIR
42.85,-5.9545,0.0,CONTACT,MIR
42.9,-6.4269,0.0,CONTACT,MIR
42.95,-5.9062,0.1969,CONTACT,MIR
43.0,-6.2244,0.0,CONTACT,MIR
43.05,-6.3165,0.0,CONTACT,MIR
43.1,-6.0397,0.1987,CONTACT,MIR
43.15,-5.988,0.0,CONTACT,MIR
43.2,-6.1435,0.0,CONTACT,MIR
43.25,-5.8386,0.1946,CONTACT,MIR
43.3,-6.2744,0.0,CONTACT,MIR
43.35,-6.0874,0.0,CONTACT,MIR
43.4,-6.123,0.1959,CONTACT,MIR
43.45,-5.9959,0.0,CONTACT,MIR
43.5,-5.9308,0.0,CONTACT,MIR
43.55,-6.1882,0.1937,CONTACT,MIR
43.6,-5.8371,0.0,CONTACT,MIR
43.65,-5.9694,0.0,CONTACT,MIR
43.7,-6.3604,0.188,CONTACT,MIR
43.75,-6.367,0.0,CONTACT,MIR
43.8,-5.9778,0.0,CONTACT,MIR
43.85,-6.0195,0.1993,CONTACT,MIR
43.9,-5.9814,0.0,CONTACT,MIR
43.95,-5.9663,0.0,CONTACT,MIR
44.0,-5.9156,0.1972,CONTACT,MIR
44.05,-5.7767,0.0,CONTACT,MIR
44.1,-6.1884,0.0,CONTACT,MIR
44.15,-6.2006,0.1933,CONTACT,MIR
44.2,-6.1783,0.0,CONTACT,MIR
44.25,-5.9018,0.0,CONTACT,MIR
44.3,-5.7106,0.1904,CONTACT,MIR
44.35,-6.0542,0.0,CONTACT,MIR
44.4,-6.4683,0.0,CONTACT,MIR
44.45,-6.3088,0.1897,CONTACT,MIR
44.5,-6.1013,0.0,CONTACT,MIR
44.55,-6.0463,0.0,CONTACT,MIR
44.6,-6.0164,0.1995,CONTACT,MIR
44.65,-5.9204,0.0,CONTACT,MIR
44.7,-5.9905,0.0,CONTACT,MIR
44.75,-5.7183,0.1906,CONTACT,MIR
44.8,-6.0782,0.0,CONTACT,MIR
44.85,-6.1154,0.0,CONTACT,MIR
44.9,-5.8472,0.1949,CONTACT,MIR
44.95,-6.2485,0.0,CONTACT,MIR
45.0,-5.8634,0.0,CONTACT,MIR
45.05,-5.9208,0.1974,CONTACT,MIR
45.1,-5.9695,0.0,CONTACT,MIR
45.15,-5.6224,0.0,CONTACT,MIR
45.2,-6.0645,0.0,CONTACT,MIR
45.25,-5.528,0.1843,CONTACT,MIR
45.3,-6.0178,0.0,CONTACT,MIR
45.35,-6.2281,0.0,CONTACT,MIR
45.4,-5.9587,0.0,CONTACT,MIR
45.45,-6.1879,0.1937,CONTACT,MIR
45.5,-6.1073,0.0,CONTACT,MIR
45.55,-5.8776,0.0,CONTACT,MIR
45.6,-5.8459,0.0,CONTACT,MIR
45.65,-6.0814,0.1973,CONTACT,MIR
45.7,-5.763,0.0,CONTACT,MIR
45.75,-5.729,0.0,CONTACT,MIR
45.8,-5.6732,0.0,CONTACT,MIR
45.85,-5.8546,0.1952,CONTACT,MIR
45.9,-5.727,0.0,CONTACT,MIR
45.95,-6.3758,0.0,CONTACT,MIR
46.0,-6.0633,0.0,CONTACT,MIR
46.05,-6.1731,0.1942,CONTACT,MIR
46.1,-5.9623,0.0,CONTACT,MIR
46.15,-6.1004,0.0,CONTACT,MIR
46.2,-6.0194,0.0,CONTACT,MIR
46.25,-5.6097,0.187,CONTACT,MIR
46.3,-6.0324,0.0,CONTACT,MIR
46.35,-5.9157,0.0,CONTACT,MIR
46.4,-6.0449,0.0,CONTACT,MIR
46.45,-5.9833,0.1994,CONTACT,MIR
46.5,-5.9982,0.0,CONTACT,MIR
46.55,-5.9097,0.0,CONTACT,MIR
46.6,-5.7663,0.0,CONTACT,MIR
46.65,-5.6699,0.189,CONTACT,MIR
46.7,-5.9637,0.0,CONTACT,MIR
46.75,-5.9077,0.0,CONTACT,MIR
46.8,-6.2558,0.0,CONTACT,MIR
46.85,-6.0432,0.1986,CONTACT,MIR
46.9,-5.8308,0.0,CONTACT,MIR
46.95,-5.8456,0.0,CONTACT,MIR
47.0,-5.9765,0.0,CONTACT,MIR
47.05,-5.8415,0.1947,CONTACT,MIR
47.1,-5.9409,0.0,CONTACT,MIR
47.15,-5.799,0.0,CONTACT,MIR
47.2,-5.9812,0.0,CONTACT,MIR
47.25,-6.1102,0.1963,CONTACT,MIR
47.3,-5.9786,0.0,CONTACT,MIR
47.35,-6.6319,0.0,CONTACT,MIR
47.4,-5.9692,0.0,CONTACT,MIR
47.45,-6.7755,0.1742,CONTACT,MIR
47.5,-6.3363,0.0,CONTACT,MIR
47.55,-5.9012,0.0,CONTACT,MIR
47.6,-5.8961,0.0,CONTACT,MIR
47.65,-6.2241,0.1925,CONTACT,MIR
47.7,-6.1197,0.0,CONTACT,MIR
47.75,-5.7032,0.0,CONTACT,MIR
47.8,-6.0741,0.0,CONTACT,MIR
47.85,-5.5287,0.1843,CONTACT,MIR
47.9,-6.0006,0.0,CONTACT,MIR
47.95,-5.9186,0.0,CONTACT,MIR
48.0,-5.6769,0.0,CONTACT,MIR
48.05,-5.974,0.1991,CONTACT,MIR
48.1,-6.2179,0.0,CONTACT,MIR
48.15,-6.0394,0.0,CONTACT,MIR
48.2,-6.0246,0.0,CONTACT,MIR
48.25,-6.2904,0.1903,CONTACT,MIR
48.3,-6.0457,0.0,CONTACT,MIR
48.35,-6.143,0.0,CONTACT,MIR
48.4,-5.8097,0.0,CONTACT,MIR
48.45,-5.9876,0.1996,CONTACT,MIR
48.5,-6.0517,0.0,CONTACT,MIR
48.55,-6.0163,0.0,CONTACT,MIR
48.6,-5.9505,0.0,CONTACT,MIR
48.65,-5.8717,0.1957,CONTACT,MIR
48.7,-6.1959,0.1935,CONTACT,MIR
48.75,-6.2033,0.1932,CONTACT,MIR
48.8,-5.7708,0.1924,CONTACT,MIR
48.85,-6.0746,0.1975,CONTACT,MIR
48.9,-6.2739,0.1909,CONTACT,MIR
48.95,-5.89,0.0,CONTACT,MIR
49.0,-5.8861,0.0,CONTACT,MIR
49.05,-6.2849,0.1905,CONTACT,MIR
49.1,-5.9304,0.0,CONTACT,MIR
49.15,-5.8292,0.0,CONTACT,MIR
49.2,-5.9014,0.1967,CONTACT,MIR
49.25,-5.8635,0.0,CONTACT,MIR
49.3,-6.2707,0.0,CONTACT,MIR
49.35,-5.9237,0.1975,CONTACT,MIR
49.4,-6.0481,0.0,CONTACT,MIR
49.45,-6.0841,0.0,CONTACT,MIR
49.5,-5.8135,0.1938,CONTACT,MIR
49.55,-5.6939,0.0,CONTACT,MIR
49.6,-5.6309,0.0,CONTACT,MIR
49.65,-5.7268,0.1909,CONTACT,MIR
49.7,-6.0496,0.0,CONTACT,MIR
49.75,-5.9571,0.0,CONTACT,MIR
49.8,-5.8743,0.1958,CONTACT,MIR
49.85,-6.0082,0.0,CONTACT,MIR
49.9,-6.0063,0.0,CONTACT,MIR
49.95,-5.8677,0.1956,CONTACT,MIR
50.0,-6.049,0.0,CONTACT,MIR
50.05,-6.183,0.0,CONTACT,MIR
50.1,-6.12,0.196,CONTACT,MIR
50.15,-5.8963,0.0,CONTACT,MIR
50.2,-6.0225,0.0,CONTACT,MIR
50.25,-5.955,0.1985,CONTACT,MIR
50.3,-5.8941,0.0,CONTACT,MIR
50.35,-6.1031,0.0,CONTACT,MIR
50.4,-5.8769,0.1959,CONTACT,MIR
50.45,-5.9574,0.0,CONTACT,MIR
50.5,-6.2801,0.0,CONTACT,MIR
50.55,-5.7447,0.1915,CONTACT,MIR
50.6,-6.134,0.0,CONTACT,MIR
50.65,-6.3649,0.0,CONTACT,MIR
50.7,-6.2429,0.1919,CONTACT,MIR
50.75,-6.2084,0.0,CONTACT,MIR
50.8,-5.9938,0.0,CONTACT,MIR
50.85,-6.059,0.198,CONTACT,MIR
50.9,-6.0611,0.0,CONTACT,MIR
50.95,-5.8698,0.0,CONTACT,MIR
51.0,-5.9258,0.1975,CONTACT,MIR
51.05,-5.9363,0.0,CONTACT,MIR
51.1,-5.9175,0.0,CONTACT,MIR
51.15,-5.8763,0.1959,CONTACT,MIR
51.2,-6.4319,0.0,CONTACT,MIR
51.25,-6.0832,0.0,CONTACT,MIR
51.3,-6.4463,0.1851,CONTACT,MIR
51.35,-5.9646,0.0,CONTACT,MIR
51.4,-5.9728,0.0,CONTACT,MIR
51.45,-5.7627,0.1921,CONTACT,MIR
51.5,-5.7463,0.0,CONTACT,MIR
51.55,-5.9433,0.0,CONTACT,MIR
51.6,-6.0839,0.1972,CONTACT,MIR
51.65,-5.8959,0.0,CONTACT,MIR
51.7,-6.0985,0.0,CONTACT,MIR
51.75,-5.9932,0.1998,CONTACT,MIR
51.8,-5.7962,0.0,CONTACT,MIR
51.85,-6.1049,0.0,CONTACT,MIR
51.9,-5.8322,0.1944,CONTACT,MIR
51.95,-5.8686,0.0,CONTACT,MIR
52.0,-6.195,0.0,CONTACT,MIR
52.05,-5.8093,0.1936,CONTACT,MIR
52.1,-5.8694,0.0,CONTACT,MIR
52.15,-5.9888,0.0,CONTACT,MIR
52.2,-6.1616,0.1946,CONTACT,MIR
52.25,-6.1802,0.0,CONTACT,MIR
52.3,-6.1159,0.0,CONTACT,MIR
52.35,-5.8998,0.1967,CONTACT,MIR
52.4,-6.1916,0.0,CONTACT,MIR
52.45,-5.913,0.0,CONTACT,MIR
52.5,-6.2489,0.1917,CONTACT,MIR
52.55,-6.0272,0.0,CONTACT,MIR
52.6,-5.9644,0.0,CONTACT,MIR
52.65,-5.4973,0.1832,CONTACT,MIR
52.7,-6.2823,0.0,CONTACT,MIR
52.75,-5.7124,0.0,CONTACT,MIR
52.8,-5.9768,0.1992,CONTACT,MIR
52.85,-5.9257,0.0,CONTACT,MIR
52.9,-5.9843,0.0,CONTACT,MIR
52.95,-5.919,0.1973,CONTACT,MIR
53.0,-6.0455,0.0,CONTACT,MIR
53.05,-5.724,0.0,CONTACT,MIR
53.1,-6.1061,0.1965,CONTACT,MIR
53.15,-5.7933,0.0,CONTACT,MIR
53.2,-6.1486,0.0,CONTACT,MIR
53.25,-6.0318,0.1989,CONTACT,MIR
53.3,-6.2352,0.0,CONTACT,MIR
53.35,-5.9298,0.0,CONTACT,MIR
53.4,-5.7318,0.1911,CONTACT,MIR
53.45,-6.0404,0.0,CONTACT,MIR
53.5,-6.0643,0.0,CONTACT,MIR
53.55,-6.2479,0.1917,CONTACT,MIR
53.6,-6.0567,0.0,CONTACT,MIR
53.65,-6.3294,0.0,CONTACT,MIR
53.7,-6.1934,0.1936,CONTACT,MIR
53.75,-5.9423,0.0,CONTACT,MIR
53.8,-5.7239,0.0,CONTACT,MIR
53.85,-5.4258,0.1809,CONTACT,MIR
53.9,-6.1413,0.0,CONTACT,MIR
53.95,-5.7369,0.0,CONTACT,MIR
54.0,-5.9752,0.1992,CONTACT,MIR
54.05,-6.0601,0.0,CONTACT,MIR
54.1,-5.9433,0.0,CONTACT,MIR
54.15,-6.0175,0.1994,CONTACT,MIR
54.2,-6.0069,0.0,CONTACT,MIR
54.25,-6.1107,0.0,CONTACT,MIR
54.3,-6.3086,0.1897,CONTACT,MIR
54.35,-6.3207,0.0,CONTACT,MIR
54.4,-5.8813,0.0,CONTACT,MIR
54.45,-6.0673,0.1978,CONTACT,MIR
54.5,-6.1204,0.0,CONTACT,MIR
54.55,-5.9995,0.0,CONTACT,MIR
54.6,-5.8422,0.1947,CONTACT,MIR
54.65,-5.9666,0.0,CONTACT,MIR
54.7,-6.1339,0.0,CONTACT,MIR
54.75,-5.7574,0.1919,CONTACT,MIR
54.8,-5.6925,0.0,CONTACT,MIR
54.85,-5.9095,0.0,CONTACT,MIR
54.9,-5.8137,0.1938,CONTACT,MIR
54.95,-5.7834,0.0,CONTACT,MIR
55.0,-5.8057,0.0,CONTACT,MIR
55.05,-5.9089,0.197,CONTACT,MIR
55.1,-5.9322,0.0,CONTACT,MIR
55.15,-5.9479,0.0,CONTACT,MIR
55.2,-6.2713,0.191,CONTACT,MIR
55.25,-5.9056,0.0,CONTACT,MIR
55.3,-6.3169,0.0,CONTACT,MIR
55.35,-6.2047,0.1932,CONTACT,MIR
55.4,-5.768,0.0,CONTACT,MIR
55.45,-5.8606,0.0,CONTACT,MIR
55.5,-5.7312,0.191,CONTACT,MIR
55.55,-6.1086,0.0,CONTACT,MIR
55.6,-6.2847,0.0,CONTACT,MIR
55.65,-6.1024,0.1966,CONTACT,MIR
55.7,-6.0141,0.0,CONTACT,MIR
55.75,-6.0187,0.0,CONTACT,MIR
55.8,-5.8077,0.1936,CONTACT,MIR
55.85,-6.1131,0.0,CONTACT,MIR
55.9,-5.9704,0.0,CONTACT,MIR
55.95,-6.2386,0.192,CONTACT,MIR
56.0,-5.9379,0.0,CONTACT,MIR
56.05,-6.0273,0.0,CONTACT,MIR
56.1,-6.1779,0.1941,CONTACT,MIR
56.15,-6.0694,0.0,CONTACT,MIR
56.2,-6.0591,0.0,CONTACT,MIR
56.25,-6.0763,0.1975,CONTACT,MIR
56.3,-5.6598,0.0,CONTACT,MIR
56.35,-6.0337,0.0,CONTACT,MIR
56.4,-6.0628,0.1979,CONTACT,MIR
56.45,-6.4433,0.0,CONTACT,MIR
56.5,-6.2026,0.0,CONTACT,MIR
56.55,-6.0764,0.1975,CONTACT,MIR
56.6,-6.1321,0.0,CONTACT,MIR
56.65,-5.7186,0.0,CONTACT,MIR
56.7,-6.0279,0.1991,CONTACT,MIR
56.75,-5.7421,0.0,CONTACT,MIR
56.8,-5.9874,0.0,CONTACT,MIR
56.85,-5.9923,0.1997,CONTACT,MIR
56.9,-6.0286,0.0,CONTACT,MIR
56.95,-6.0101,0.0,CONTACT,MIR
57.0,-5.6671,0.1889,CONTACT,MIR
57.05,-6.4866,0.0,CONTACT,MIR
57.1,-6.423,0.0,CONTACT,MIR
57.15,-6.1313,0.1956,CONTACT,MIR
57.2,-5.9781,0.0,CONTACT,MIR
57.25,-5.843,0.0,CONTACT,MIR
57.3,-5.8864,0.1962,CONTACT,MIR
57.35,-6.0696,0.0,CONTACT,MIR
57.4,-5.7889,0.0,CONTACT,MIR
57.45,-5.7867,0.1929,CONTACT,MIR
57.5,-5.9701,0.0,CONTACT,MIR
57.55,-5.8144,0.0,CONTACT,MIR
57.6,-5.9524,0.1984,CONTACT,MIR
57.65,-6.1297,0.0,CONTACT,MIR
57.7,-5.8779,0.0,CONTACT,MIR
57.75,-5.9953,0.1998,CONTACT,MIR
57.8,-6.0171,0.0,CONTACT,MIR
57.85,-5.7227,0.0,CONTACT,MIR
57.9,-6.5075,0.1831,CONTACT,MIR
57.95,-6.291,0.0,CONTACT,MIR
58.0,-6.2448,0.0,CONTACT,MIR
58.05,-6.0801,0.1973,CONTACT,MIR
58.1,-6.0337,0.0,CONTACT,MIR
58.15,-6.2843,0.0,CONTACT,MIR
58.2,-6.1798,0.194,CONTACT,MIR
58.25,-6.135,0.0,CONTACT,MIR
58.3,-5.4714,0.0,CONTACT,MIR
58.35,-5.6025,0.1868,CONTACT,MIR
58.4,-6.0769,0.0,CONTACT,MIR
58.45,-6.0672,0.0,CONTACT,MIR
58.5,-6.2244,0.1925,CONTACT,MIR
58.55,-6.3614,0.0,CONTACT,MIR
58.6,-6.0032,0.0,CONTACT,MIR
58.65,-6.1794,0.194,CONTACT,MIR
58.7,-5.975,0.0,CONTACT,MIR
58.75,-6.2781,0.0,CONTACT,MIR
58.8,-6.1104,0.1963,CONTACT,MIR
58.85,-5.9138,0.0,CONTACT,MIR
58.9,-5.8702,0.0,CONTACT,MIR
58.95,-5.86,0.1953,CONTACT,MIR
59.0,-6.2218,0.0,CONTACT,MIR
59.05,-5.7868,0.0,CONTACT,MIR
59.1,-6.1178,0.1961,CONTACT,MIR
59.15,-5.8261,0.0,CONTACT,MIR
59.2,-5.9548,0.0,CONTACT,MIR
59.25,-6.2279,0.1924,CONTACT,MIR
59.3,-6.0156,0.0,CONTACT,MIR
59.35,-5.8792,0.0,CONTACT,MIR
59.4,-5.8297,0.1943,CONTACT,MIR
59.45,-5.9915,0.0,CONTACT,MIR
59.5,-5.657,0.0,CONTACT,MIR
59.55,-5.7618,0.1921,CONTACT,MIR
59.6,-6.0383,0.0,CONTACT,MIR
59.65,-5.8369,0.0,CONTACT,MIR
59.7,-5.6002,0.1867,CONTACT,MIR
59.75,-5.6158,0.0,CONTACT,MIR
59.8,-6.2535,0.0,CONTACT,MIR
59.85,-6.1932,0.1936,CONTACT,MIR
59.9,-5.7084,0.0,CONTACT,MIR
59.95,-6.2171,0.0,CONTACT,MIR
60.0,-6.2699,0.191,CONTACT,MIR
60.05,-6.0948,0.0,CONTACT,MIR
60.1,-5.9135,0.0,CONTACT,MIR
60.15,-6.0181,0.1994,CONTACT,MIR
60.2,-6.1266,0.0,CONTACT,MIR
60.25,-6.1314,0.0,CONTACT,MIR
60.3,-6.139,0.1954,CONTACT,MIR
60.35,-6.1566,0.0,CONTACT,MIR
60.4,-5.5243,0.0,CONTACT,MIR
60.45,-5.9212,0.1974,CONTACT,MIR
60.5,-5.8192,0.0,CONTACT,MIR
60.55,-6.0944,0.0,CONTACT,MIR
60.6,-6.0338,0.1989,CONTACT,MIR
60.65,-6.1414,0.0,CONTACT,MIR
60.7,-6.529,0.0,CONTACT,MIR
60.75,-6.2743,0.1909,CONTACT,MIR
60.8,-6.323,0.0,CONTACT,MIR
60.85,-6.4108,0.0,CONTACT,MIR
60.9,-6.2,0.1933,CONTACT,MIR
60.95,-5.6585,0.0,CONTACT,MIR
61.0,-5.9324,0.0,CONTACT,MIR
61.05,-5.6654,0.1888,CONTACT,MIR
61.1,-5.8711,0.0,CONTACT,MIR
61.15,-5.7968,0.0,CONTACT,MIR
61.2,-6.1335,0.1956,CONTACT,MIR
61.25,-5.8564,0.0,CONTACT,MIR
61.3,-5.8155,0.0,CONTACT,MIR
61.35,-6.0766,0.1974,CONTACT,MIR
61.4,-5.8594,0.0,CONTACT,MIR
61.45,-5.8581,0.0,CONTACT,MIR
61.5,-6.0812,0.1973,CONTACT,MIR
61.55,-6.2039,0.0,CONTACT,MIR
61.6,-6.2162,0.0,CONTACT,MIR
61.65,-5.962,0.1987,CONTACT,MIR
61.7,-5.8987,0.0,CONTACT,MIR
61.75,-6.1226,0.0,CONTACT,MIR
61.8,-5.9587,0.1986,CONTACT,MIR
61.85,-5.8508,0.0,CONTACT,MIR
61.9,-5.8412,0.0,CONTACT,MIR
61.95,-5.6545,0.1885,CONTACT,MIR
62.0,-5.7356,0.0,CONTACT,MIR
62.05,-6.1913,0.0,CONTACT,MIR
62.1,-5.6543,0.1885,CONTACT,MIR
62.15,-6.114,0.0,CONTACT,MIR
62.2,-5.7988,0.0,CONTACT,MIR
62.25,-5.9942,0.1998,CONTACT,MIR
62.3,-6.0939,0.0,CONTACT,MIR
62.35,-6.373,0.0,CONTACT,MIR
62.4,-6.0458,0.1985,CONTACT,MIR
62.45,-6.3028,0.0,CONTACT,MIR
62.5,-5.7975,0.0,CONTACT,MIR
62.55,-5.6876,0.1896,CONTACT,MIR
62.6,-6.1588,0.0,CONTACT,MIR
62.65,-5.9391,0.0,CONTACT,MIR
62.7,-6.1445,0.1952,CONTACT,MIR
62.75,-6.1155,0.0,CONTACT,MIR
62.8,-5.8349,0.0,CONTACT,MIR
62.85,-5.9975,0.1999,CONTACT,MIR
62.9,-5.6439,0.0,CONTACT,MIR
62.95,-6.0883,0.0,CONTACT,MIR
63.0,-5.792,0.1931,CONTACT,MIR
63.05,-5.9914,0.0,CONTACT,MIR
63.1,-5.8517,0.0,CONTACT,MIR
63.15,-6.1003,0.1967,CONTACT,MIR
63.2,-6.0231,0.0,CONTACT,MIR
63.25,-6.0362,0.0,CONTACT,MIR
63.3,-6.1804,0.194,CONTACT,MIR
63.35,-5.8711,0.0,CONTACT,MIR
63.4,-5.8735,0.0,CONTACT,MIR
63.45,-5.8848,0.1962,CONTACT,MIR
63.5,-5.711,0.0,CONTACT,MIR
63.55,-5.7285,0.0,CONTACT,MIR
63.6,-6.0934,0.1969,CONTACT,MIR
63.65,-5.9625,0.0,CONTACT,MIR
63.7,-6.1618,0.0,CONTACT,MIR
63.75,-6.0324,0.1989,CONTACT,MIR
63.8,-6.1507,0.0,CONTACT,MIR
63.85,-5.7068,0.0,CONTACT,MIR
63.9,-5.9581,0.1986,CONTACT,MIR
63.95,-6.0818,0.0,CONTACT,MIR
64.0,-5.7994,0.0,CONTACT,MIR
64.05,-6.4723,0.1843,CONTACT,MIR
64.1,-6.4269,0.0,CONTACT,MIR
64.15,-5.8649,0.0,CONTACT,MIR
64.2,-6.0119,0.1996,CONTACT,MIR
64.25,-5.9618,0.0,CONTACT,MIR
64.3,-6.2772,0.0,CONTACT,MIR
64.35,-6.0165,0.1994,CONTACT,MIR
64.4,-5.601,0.0,CONTACT,MIR
64.45,-5.8368,0.0,CONTACT,MIR
64.5,-5.9677,0.1989,CONTACT,MIR
64.55,-6.1133,0.0,CONTACT,MIR
64.6,-6.1044,0.0,CONTACT,MIR
64.65,-6.4513,0.185,CONTACT,MIR
64.7,-5.9472,0.0,CONTACT,MIR
64.75,-5.8296,0.0,CONTACT,MIR
64.8,-6.3138,0.1895,CONTACT,MIR
64.85,-6.1274,0.0,CONTACT,MIR
64.9,-6.2266,0.0,CONTACT,MIR
64.95,-6.1881,0.1937,CONTACT,MIR
65.0,-5.9627,0.0,CONTACT,MIR
65.05,-6.3903,0.0,CONTACT,MIR
65.1,-5.8505,0.195,CONTACT,MIR
65.15,-5.8145,0.0,CONTACT,MIR
65.2,-6.0155,0.0,CONTACT,MIR
65.25,-6.4614,0.1846,CONTACT,MIR
65.3,-6.1529,0.0,CONTACT,MIR
65.35,-5.707,0.0,CONTACT,MIR
65.4,-6.5092,0.183,CONTACT,MIR
65.45,-6.0083,0.0,CONTACT,MIR
65.5,-6.1748,0.0,CONTACT,MIR
65.55,-5.7779,0.1926,CONTACT,MIR
65.6,-6.0754,0.0,CONTACT,MIR
65.65,-5.8596,0.0,CONTACT,MIR
65.7,-5.8273,0.1942,CONTACT,MIR
65.75,-5.5826,0.0,CONTACT,MIR
65.8,-5.9905,0.0,CONTACT,MIR
65.85,-5.8747,0.1958,CONTACT,MIR
65.9,-6.269,0.0,CONTACT,MIR
65.95,-5.7339,0.0,CONTACT,MIR
66.0,-6.1241,0.1959,CONTACT,MIR
66.05,-6.0791,0.0,CONTACT,MIR
66.1,-5.9714,0.0,CONTACT,MIR
66.15,-6.2795,0.1907,CONTACT,MIR
66.2,-5.908,0.0,CONTACT,MIR
66.25,-5.7602,0.0,CONTACT,MIR
66.3,-5.8951,0.1965,CONTACT,MIR
66.35,-6.289,0.0,CONTACT,MIR
66.4,-5.9959,0.0,CONTACT,MIR
66.45,-5.8228,0.1941,CONTACT,MIR
66.5,-6.3425,0.0,CONTACT,MIR
66.55,-6.1818,0.0,CONTACT,MIR
66.6,-5.7916,0.1931,CONTACT,MIR
66.65,-5.9002,0.0,CONTACT,MIR
66.7,-5.8718,0.0,CONTACT,MIR
66.75,-5.5823,0.1861,CONTACT,MIR
66.8,-5.8863,0.0,CONTACT,MIR
66.85,-5.8485,0.0,CONTACT,MIR
66.9,-5.4379,0.1813,CONTACT,MIR
66.95,-6.0559,0.0,CONTACT,MIR
67.0,-6.1727,0.0,CONTACT,MIR
67.05,-5.9276,0.1976,CONTACT,MIR
67.1,-5.9191,0.0,CONTACT,MIR
67.15,-6.1122,0.0,CONTACT,MIR
67.2,-6.2134,0.1929,CONTACT,MIR
67.25,-5.5351,0.0,CONTACT,MIR
67.3,-5.9317,0.0,CONTACT,MIR
67.35,-6.1436,0.1952,CONTACT,MIR
67.4,-5.8295,0.0,CONTACT,MIR
67.45,-6.0345,0.0,CONTACT,MIR
67.5,-6.0633,0.1979,CONTACT,MIR
67.55,-5.9031,0.0,CONTACT,MIR
67.6,-6.274,0.0,CONTACT,MIR
67.65,-5.9451,0.1982,CONTACT,MIR
67.7,-5.6281,0.0,CONTACT,MIR
67.75,-5.9175,0.0,CONTACT,MIR
67.8,-6.086,0.1971,CONTACT,MIR
67.85,-6.1269,0.0,CONTACT,MIR
67.9,-6.1075,0.0,CONTACT,MIR
67.95,-6.0762,0.1975,CONTACT,MIR
68.0,-6.0886,0.0,CONTACT,MIR
68.05,-5.8298,0.0,CONTACT,MIR
68.1,-6.3597,0.188,CONTACT,MIR
68.15,-5.8295,0.0,CONTACT,MIR
68.2,-6.0778,0.0,CONTACT,MIR
68.25,-5.9265,0.1976,CONTACT,MIR
68.3,-6.2339,0.0,CONTACT,MIR
68.35,-5.7428,0.0,CONTACT,MIR
68.4,-5.7594,0.192,CONTACT,MIR
68.45,-5.8272,0.0,CONTACT,MIR
68.5,-6.3221,0.0,CONTACT,MIR
68.55,-5.8533,0.1951,CONTACT,MIR
68.6,-5.938,0.0,CONTACT,MIR
68.65,-6.3401,0.1887,CONTACT,MIR
68.7,-6.0235,0.1992,CONTACT,MIR
68.75,-5.9452,0.1982,CONTACT,MIR
68.8,-5.9065,0.1969,CONTACT,MIR
68.85,-5.9821,0.1994,CONTACT,MIR
68.9,-5.9591,0.1986,CONTACT,MIR
68.95,-5.7225,0.1908,CONTACT,MIR
69.0,-5.7725,0.1924,CONTACT,MIR
69.05,-6.592,0.1803,CONTACT,MIR
69.1,-6.0817,0.1973,CONTACT,MIR
69.15,-6.0506,0.1983,CONTACT,MIR
69.2,-6.3674,0.1878,CONTACT,MIR
69.25,-5.9966,0.1999,CONTACT,MIR
69.3,-5.764,0.1921,CONTACT,MIR
69.35,-6.2302,0.1923,CONTACT,MIR
69.4,-5.944,0.1981,CONTACT,MIR
69.45,-6.1929,0.1936,CONTACT,MIR
69.5,-6.142,0.1953,CONTACT,MIR
69.55,-5.7093,0.1903,CONTACT,MIR
69.6,-6.1119,0.1963,CONTACT,MIR
69.65,-5.9089,0.197,CONTACT,MIR
69.7,-6.3741,0.1875,CONTACT,MIR
69.75,-5.6234,0.1874,CONTACT,MIR
69.8,-5.8745,0.1958,CONTACT,MIR
69.85,-6.0321,0.1989,CONTACT,MIR
69.9,-5.8805,0.196,CONTACT,MIR
69.95,-6.2805,0.1906,CONTACT,MIR
70.0,-5.7526,0.0,CONTACT,MIR
70.05,-6.0539,0.0,CONTACT,MIR
70.1,-6.03,0.199,CONTACT,MIR
70.15,-6.094,0.0,CONTACT,MIR
70.2,-6.1118,0.0,CONTACT,MIR
70.25,-5.8568,0.1952,CONTACT,MIR
70.3,-5.942,0.0,CONTACT,MIR
70.35,-5.8628,0.0,CONTACT,MIR
70.4,-5.9949,0.1998,CONTACT,MIR
70.45,-5.8986,0.0,CONTACT,MIR
70.5,-6.085,0.0,CONTACT,MIR
70.55,-5.5552,0.1852,CONTACT,MIR
70.6,-6.3332,0.0,CONTACT,MIR
70.65,-5.7675,0.0,CONTACT,MIR
70.7,-5.7461,0.1915,CONTACT,MIR
70.75,-6.1962,0.0,CONTACT,MIR
70.8,-5.5799,0.0,CONTACT,MIR
70.85,-5.8267,0.1942,CONTACT,MIR
70.9,-5.8474,0.0,CONTACT,MIR
70.95,-6.0361,0.0,CONTACT,MIR
71.0,-6.0851,0.1972,CONTACT,MIR
71.05,-6.0848,0.0,CONTACT,MIR
71.1,-5.9648,0.0,CONTACT,MIR
71.15,-5.7627,0.1921,CONTACT,MIR
71.2,-6.0142,0.0,CONTACT,MIR
71.25,-6.2327,0.0,CONTACT,MIR
71.3,-5.8855,0.1962,CONTACT,MIR
71.35,-5.8609,0.0,CONTACT,MIR
71.4,-5.9142,0.0,CONTACT,MIR
71.45,-5.896,0.1965,CONTACT,MIR
71.5,-6.1125,0.0,CONTACT,MIR
71.55,-6.2441,0.0,CONTACT,MIR
71.6,-6.2319,0.1923,CONTACT,MIR
71.65,-6.3618,0.0,CONTACT,MIR
71.7,-5.9874,0.0,CONTACT,MIR
71.75,-6.0514,0.1983,CONTACT,MIR
71.8,-6.1067,0.0,CONTACT,MIR
71.85,-6.6098,0.0,CONTACT,MIR
71.9,-6.2682,0.1911,CONTACT,MIR
71.95,-5.7552,0.0,CONTACT,MIR
72.0,-6.1123,0.0,CONTACT,MIR
72.05,-5.9072,0.1969,CONTACT,MIR
72.1,-6.2665,0.0,CONTACT,MIR
72.15,-5.7006,0.0,CONTACT,MIR
72.2,-6.0172,0.1994,CONTACT,MIR
72.25,-5.931,0.0,CONTACT,MIR
72.3,-5.5238,0.0,CONTACT,MIR
72.35,-5.6857,0.1895,CONTACT,MIR
72.4,-6.0847,0.0,CONTACT,MIR
72.45,-6.142,0.0,CONTACT,MIR
72.5,-6.0885,0.1971,CONTACT,MIR
72.55,-5.9088,0.0,CONTACT,MIR
72.6,-6.0318,0.0,CONTACT,MIR
72.65,-6.0898,0.197,CONTACT,MIR
72.7,-5.7161,0.0,CONTACT,MIR
72.75,-6.0324,0.0,CONTACT,MIR
72.8,-5.5496,0.185,CONTACT,MIR
72.85,-6.0195,0.0,CONTACT,MIR
72.9,-5.6805,0.0,CONTACT,MIR
72.95,-5.9661,0.1989,CONTACT,MIR
73.0,-5.8584,0.0,CONTACT,MIR
73.05,-6.1959,0.0,CONTACT,MIR
73.1,-6.2217,0.1926,CONTACT,MIR
73.15,-5.948,0.0,CONTACT,MIR
73.2,-5.8422,0.0,CONTACT,MIR
73.25,-6.0319,0.1989,CONTACT,MIR
73.3,-6.3043,0.0,CONTACT,MIR
73.35,-6.3191,0.0,CONTACT,MIR
73.4,-6.3325,0.1889,CONTACT,MIR
73.45,-6.3623,0.0,CONTACT,MIR
73.5,-5.9869,0.0,CONTACT,MIR
73.55,-5.7838,0.1928,CONTACT,MIR
73.6,-6.0062,0.0,CONTACT,MIR
73.65,-6.4556,0.0,CONTACT,MIR
73.7,-6.0416,0.1986,CONTACT,MIR
73.75,-6.0159,0.0,CONTACT,MIR
73.8,-5.5642,0.0,CONTACT,MIR
73.85,-6.2748,0.1908,CONTACT,MIR
73.9,-6.0673,0.0,CONTACT,MIR
73.95,-5.648,0.0,CONTACT,MIR
74.0,-5.8992,0.1966,CONTACT,MIR
74.05,-5.8919,0.0,CONTACT,MIR
74.1,-5.9817,0.0,CONTACT,MIR
74.15,-5.9386,0.198,CONTACT,MIR
74.2,-5.8566,0.0,CONTACT,MIR
74.25,-6.174,0.0,CONTACT,MIR
74.3,-5.8365,0.1945,CONTACT,MIR
74.35,-6.292,0.0,CONTACT,MIR
74.4,-5.9517,0.0,CONTACT,MIR
74.45,-5.9817,0.1994,CONTACT,MIR
74.5,-6.1317,0.0,CONTACT,MIR
74.55,-6.0129,0.0,CONTACT,MIR
74.6,-6.1329,0.1956,CONTACT,MIR
74.65,-6.2116,0.0,CONTACT,MIR
74.7,-6.068,0.0,CONTACT,MIR
74.75,-6.2181,0.1927,CONTACT,MIR
74.8,-5.9128,0.0,CONTACT,MIR
74.85,-6.2074,0.0,CONTACT,MIR
74.9,-5.835,0.1945,CONTACT,MIR
74.95,-6.2155,0.0,CONTACT,MIR
75.0,-6.0924,0.0,CONTACT,MIR
75.05,-6.1041,0.1965,CONTACT,MIR
75.1,-5.6977,0.0,CONTACT,MIR
75.15,-5.8966,0.0,CONTACT,MIR
75.2,-6.005,0.1998,CONTACT,MIR
75.25,-5.879,0.0,CONTACT,MIR
75.3,-6.4002,0.0,CONTACT,MIR
75.35,-5.9873,0.1996,CONTACT,MIR
75.4,-5.5686,0.0,CONTACT,MIR
75.45,-5.9416,0.0,CONTACT,MIR
75.5,-5.9545,0.1985,CONTACT,MIR
75.55,-5.8799,0.0,CONTACT,MIR
75.6,-5.8104,0.0,CONTACT,MIR
75.65,-6.389,0.187,CONTACT,MIR
75.7,-6.3228,0.0,CONTACT,MIR
75.75,-5.9443,0.0,CONTACT,MIR
75.8,-6.1293,0.1957,CONTACT,MIR
75.85,-5.7081,0.0,CONTACT,MIR
75.9,-6.0335,0.0,CONTACT,MIR
75.95,-6.3574,0.1881,CONTACT,MIR
76.0,-6.2201,0.0,CONTACT,MIR
76.05,-6.5164,0.0,CONTACT,MIR
76.1,-6.0133,0.1996,CONTACT,MIR
76.15,-5.9742,0.0,CONTACT,MIR
76.2,-6.0214,0.0,CONTACT,MIR
76.25,-5.7207,0.1907,CONTACT,MIR
76.3,-5.7082,0.0,CONTACT,MIR
76.35,-5.9819,0.0,CONTACT,MIR
76.4,-6.3748,0.1875,CONTACT,MIR
76.45,-5.8218,0.0,CONTACT,MIR
76.5,-5.8342,0.0,CONTACT,MIR
76.55,-5.8834,0.1961,CONTACT,MIR
76.6,-5.7674,0.0,CONTACT,MIR
76.65,-6.1967,0.0,CONTACT,MIR
76.7,-5.5619,0.1854,CONTACT,MIR
76.75,-6.1745,0.0,CONTACT,MIR
76.8,-5.8328,0.0,CONTACT,MIR
76.85,-6.3201,0.1893,CONTACT,MIR
76.9,-6.1556,0.0,CONTACT,MIR
76.95,-5.6663,0.0,CONTACT,MIR
77.0,-6.0217,0.1993,CONTACT,MIR
77.05,-5.8078,0.0,CONTACT,MIR
77.1,-5.9284,0.0,CONTACT,MIR
77.15,-5.9968,0.1999,CONTACT,MIR
77.2,-5.7137,0.0,CONTACT,MIR
77.25,-6.0338,0.0,CONTACT,MIR
77.3,-6.3426,0.1886,CONTACT,MIR
77.35,-6.1435,0.0,CONTACT,MIR
77.4,-5.8726,0.0,CONTACT,MIR
77.45,-5.9038,0.1968,CONTACT,MIR
77.5,-6.2995,0.0,CONTACT,MIR
77.55,-6.1309,0.0,CONTACT,MIR
77.6,-6.1024,0.1966,CONTACT,MIR
77.65,-6.0379,0.0,CONTACT,MIR
77.7,-6.2399,0.0,CONTACT,MIR
77.75,-6.0904,0.197,CONTACT,MIR
77.8,-6.0958,0.0,CONTACT,MIR
77.85,-5.7957,0.0,CONTACT,MIR
77.9,-5.7882,0.1929,CONTACT,MIR
77.95,-5.992,0.0,CONTACT,MIR
78.0,-6.0413,0.0,CONTACT,MIR
78.05,-5.9349,0.1978,CONTACT,MIR
78.1,-6.1274,0.0,CONTACT,MIR
78.15,-6.1935,0.0,CONTACT,MIR
78.2,-6.1522,0.1949,CONTACT,MIR
78.25,-6.0722,0.0,CONTACT,MIR
78.3,-6.1779,0.0,CONTACT,MIR
78.35,-5.9128,0.1971,CONTACT,MIR
78.4,-5.7927,0.0,CONTACT,MIR
78.45,-6.2561,0.0,CONTACT,MIR
78.5,-5.9337,0.1978,CONTACT,MIR
78.55,-5.9834,0.0,CONTACT,MIR
78.6,-5.8711,0.0,CONTACT,MIR
78.65,-5.942,0.1981,CONTACT,MIR
78.7,-6.2382,0.0,CONTACT,MIR
78.75,-6.2,0.0,CONTACT,MIR
78.8,-5.9416,0.1981,CONTACT,MIR
78.85,-5.7266,0.0,CONTACT,MIR
78.9,-6.3752,0.0,CONTACT,MIR
78.95,-5.8632,0.1954,CONTACT,MIR
79.0,-5.6958,0.0,CONTACT,MIR
79.05,-5.9643,0.0,CONTACT,MIR
79.1,-5.8237,0.1941,CONTACT,MIR
79.15,-6.095,0.0,CONTACT,MIR
79.2,-5.9783,0.0,CONTACT,MIR
79.25,-6.2786,0.1907,CONTACT,MIR
79.3,-6.4092,0.0,CONTACT,MIR
79.35,-5.7518,0.0,CONTACT,MIR
79.4,-6.1373,0.1954,CONTACT,MIR
79.45,-6.0195,0.0,CONTACT,MIR
79.5,-6.2057,0.0,CONTACT,MIR
79.55,-6.2104,0.193,CONTACT,MIR
79.6,-5.9457,0.0,CONTACT,MIR
79.65,-6.0569,0.0,CONTACT,MIR
79.7,-5.8354,0.1945,CONTACT,MIR
79.75,-5.8269,0.0,CONTACT,MIR
79.8,-5.8533,0.0,CONTACT,MIR
79.85,-5.8697,0.1957,CONTACT,MIR
79.9,-5.6199,0.0,CONTACT,MIR
79.95,-6.149,0.0,CONTACT,MIR
80.0,-5.9464,0.1982,CONTACT,MIR
80.05,-5.7203,0.0,CONTACT,MIR
80.1,-5.6939,0.0,CONTACT,MIR
80.15,-6.2312,0.1923,CONTACT,MIR
80.2,-6.0235,0.0,CONTACT,MIR
80.25,-5.6894,0.0,CONTACT,MIR
80.3,-5.8594,0.1953,CONTACT,MIR
80.35,-5.9391,0.0,CONTACT,MIR
80.4,-6.0217,0.0,CONTACT,MIR
80.45,-6.0549,0.1982,CONTACT,MIR
80.5,-5.9199,0.0,CONTACT,MIR
80.55,-6.028,0.0,CONTACT,MIR
80.6,-5.986,0.1995,CONTACT,MIR
80.65,-5.9644,0.0,CONTACT,MIR
80.7,-6.1158,0.0,CONTACT,MIR
80.75,-5.8737,0.1958,CONTACT,MIR
80.8,-5.3991,0.0,CONTACT,MIR
80.85,-6.3374,0.0,CONTACT,MIR
80.9,-5.9172,0.1972,CONTACT,MIR
80.95,-6.1479,0.0,CONTACT,MIR
81.0,-5.8804,0.0,CONTACT,MIR
81.05,-5.9865,0.1996,CONTACT,MIR
81.1,-5.8429,0.0,CONTACT,MIR
81.15,-5.7601,0.0,CONTACT,MIR
81.2,-5.9568,0.1986,CONTACT,MIR
81.25,-5.7864,0.0,CONTACT,MIR
81.3,-6.4817,0.1839,CONTACT,MIR
81.35,-5.684,0.0,CONTACT,MIR
81.4,-5.9271,0.1976,CONTACT,MIR
81.45,-5.8021,0.0,CONTACT,MIR
81.5,-6.2617,0.1913,CONTACT,MIR
81.55,-6.1813,0.0,CONTACT,MIR
81.6,-5.9859,0.1995,CONTACT,MIR
81.65,-6.0119,0.0,CONTACT,MIR
81.7,-5.9518,0.1984,CONTACT,MIR
81.75,-5.793,0.0,CONTACT,MIR
81.8,-6.3629,0.1879,CONTACT,MIR
81.85,-5.8089,0.0,CONTACT,MIR
81.9,-6.002,0.1999,CONTACT,MIR
81.95,-6.052,0.0,CONTACT,MIR
82.0,-6.3054,0.1898,CONTACT,MIR
82.05,-5.8963,0.0,CONTACT,MIR
82.1,-6.4797,0.184,CONTACT,MIR
82.15,-5.8522,0.0,CONTACT,MIR
82.2,-6.2803,0.1907,CONTACT,MIR
82.25,-5.9659,0.0,CONTACT,MIR
82.3,-6.0004,0.2,CONTACT,MIR
82.35,-5.744,0.0,CONTACT,MIR
82.4,-6.0137,0.1995,CONTACT,MIR
82.45,-6.1265,0.0,CONTACT,MIR
82.5,-6.0889,0.197,CONTACT,MIR
82.55,-5.7244,0.0,CONTACT,MIR
82.6,-5.8717,0.1957,CONTACT,MIR
82.65,-6.0723,0.0,CONTACT,MIR
82.7,-6.0425,0.1986,CONTACT,MIR
82.75,-6.304,0.0,CONTACT,MIR
82.8,-5.9129,0.1971,CONTACT,MIR
82.85,-6.3339,0.0,CONTACT,MIR
82.9,-5.8315,0.1944,CONTACT,MIR
82.95,-5.9496,0.0,CONTACT,MIR
83.0,-5.4979,0.1833,CONTACT,MIR
83.05,-6.2174,0.0,CONTACT,MIR
83.1,-6.0179,0.1994,CONTACT,MIR
83.15,-5.6283,0.0,CONTACT,MIR
83.2,-5.7497,0.1917,CONTACT,MIR
83.25,-6.1521,0.0,CONTACT,MIR
83.3,-5.9681,0.1989,CONTACT,MIR
83.35,-6.0076,0.0,CONTACT,MIR
83.4,-5.9517,0.1984,CONTACT,MIR
83.45,-6.1494,0.0,CONTACT,MIR
83.5,-6.0275,0.1991,CONTACT,MIR
83.55,-6.3222,0.0,CONTACT,MIR
83.6,-5.9756,0.1992,CONTACT,MIR
83.65,-5.9007,0.0,CONTACT,MIR
83.7,-6.0362,0.1988,CONTACT,MIR
83.75,-6.3162,0.0,CONTACT,MIR
83.8,-5.7955,0.1932,CONTACT,MIR
83.85,-5.9158,0.0,CONTACT,MIR
83.9,-6.1339,0.1955,CONTACT,MIR
83.95,-6.0429,0.0,CONTACT,MIR
84.0,-6.2869,0.1904,CONTACT,MIR
84.05,-6.1786,0.0,CONTACT,MIR
84.1,-6.0811,0.1973,CONTACT,MIR
84.15,-5.7175,0.0,CONTACT,MIR
84.2,-6.0911,0.197,CONTACT,MIR
84.25,-5.8428,0.0,CONTACT,MIR
84.3,-6.0785,0.1974,CONTACT,MIR
84.35,-5.9244,0.0,CONTACT,MIR
84.4,-6.0023,0.1999,CONTACT,MIR
84.45,-5.8023,0.0,CONTACT,MIR
84.5,-6.0839,0.1972,CONTACT,MIR
84.55,-6.296,0.0,CONTACT,MIR
84.6,-6.2579,0.1914,CONTACT,MIR
84.65,-6.0657,0.0,CONTACT,MIR
84.7,-6.2091,0.193,CONTACT,MIR
84.75,-5.8663,0.0,CONTACT,MIR
84.8,-6.0415,0.0,CONTACT,MIR
84.85,-5.4734,0.1824,CONTACT,MIR
84.9,-6.3189,0.0,CONTACT,MIR
84.95,-5.9307,0.1977,CONTACT,MIR
85.0,-6.1887,0.0,CONTACT,MIR
85.05,-6.0618,0.0,CONTACT,MIR
85.1,-5.9348,0.1978,CONTACT,MIR
85.15,-6.4208,0.0,CONTACT,MIR
85.2,-5.9083,0.0,CONTACT,MIR
85.25,-5.5751,0.1858,CONTACT,MIR
85.3,-6.0501,0.0,CONTACT,MIR
85.35,-5.9074,0.1969,CONTACT,MIR
85.4,-5.7562,0.0,CONTACT,MIR
85.45,-5.994,0.0,CONTACT,MIR
85.5,-6.0774,0.1974,CONTACT,MIR
85.55,-6.4233,0.0,CONTACT,MIR
85.6,-5.8399,0.0,CONTACT,MIR
85.65,-5.9907,0.1997,CONTACT,MIR
85.7,-6.1605,0.0,CONTACT,MIR
85.75,-5.9326,0.0,CONTACT,MIR
85.8,-6.0747,0.1975,CONTACT,MIR
85.85,-6.0569,0.0,CONTACT,MIR
85.9,-5.83,0.0,CONTACT,MIR
85.95,-6.2189,0.1927,CONTACT,MIR
86.0,-5.7375,0.0,CONTACT,MIR
86.05,-6.2265,0.0,CONTACT,MIR
86.1,-6.0795,0.1973,CONTACT,MIR
86.15,-5.5607,0.0,CONTACT,MIR
86.2,-5.7198,0.0,CONTACT,MIR
86.25,-5.9257,0.1975,CONTACT,MIR
86.3,-6.1651,0.0,CONTACT,MIR
86.35,-6.0829,0.0,CONTACT,MIR
86.4,-5.9624,0.1987,CONTACT,MIR
86.45,-5.9611,0.0,CONTACT,MIR
86.5,-5.9868,0.0,CONTACT,MIR
86.55,-5.9748,0.1992,CONTACT,MIR
86.6,-6.0146,0.0,CONTACT,MIR
86.65,-6.2601,0.0,CONTACT,MIR
86.7,-6.075,0.1975,CONTACT,MIR
86.75,-5.7748,0.0,CONTACT,MIR
86.8,-6.2314,0.0,CONTACT,MIR
86.85,-5.9956,0.1999,CONTACT,MIR
86.9,-6.1216,0.0,CONTACT,MIR
86.95,-5.9354,0.0,CONTACT,MIR
87.0,-6.0354,0.1988,CONTACT,MIR
87.05,-5.6585,0.0,CONTACT,MIR
87.1,-5.8526,0.0,CONTACT,MIR
87.15,-6.2163,0.1928,CONTACT,MIR
87.2,-5.8306,0.0,CONTACT,MIR
87.25,-6.1198,0.0,CONTACT,MIR
87.3,-6.0802,0.1973,CONTACT,MIR
87.35,-5.9009,0.0,CONTACT,MIR
87.4,-6.062,0.1979,CONTACT,MIR
87.45,-5.7851,0.1928,CONTACT,MIR
87.5,-6.1188,0.196,CONTACT,MIR
87.55,-6.0878,0.1971,CONTACT,MIR
87.6,-6.0954,0.1968,CONTACT,MIR
87.65,-6.0771,0.1974,CONTACT,MIR
87.7,-5.744,0.1915,CONTACT,MIR
87.75,-5.8382,0.1946,CONTACT,MIR
87.8,-5.6224,0.1874,CONTACT,MIR
87.85,-5.5116,0.1837,CONTACT,MIR
87.9,-6.1726,0.1942,CONTACT,MIR
87.95,-5.9536,0.1985,CONTACT,MIR
88.0,-6.2043,0.1932,CONTACT,MIR
88.05,-6.1255,0.1958,CONTACT,MIR
88.1,-6.0968,0.1968,CONTACT,MIR
88.15,-6.1829,0.1939,CONTACT,MIR
88.2,-6.1822,0.1939,CONTACT,MIR
88.25,-6.0008,0.2,CONTACT,MIR
88.3,-6.2153,0.1928,CONTACT,MIR
88.35,-5.8032,0.1934,CONTACT,MIR
88.4,-6.1552,0.1948,CONTACT,MIR
88.45,-5.4095,0.1803,CONTACT,MIR
88.5,-6.0626,0.1979,CONTACT,MIR
88.55,-5.9587,0.1986,CONTACT,MIR
88.6,-6.2332,0.1922,CONTACT,MIR
88.65,-5.6332,0.1878,CONTACT,MIR
88.7,-5.7518,0.1917,CONTACT,MIR
88.75,-5.9183,0.1973,CONTACT,MIR
88.8,-6.2494,0.1917,CONTACT,MIR
88.85,-5.9394,0.198,CONTACT,MIR
88.9,-6.2075,0.1931,CONTACT,MIR
88.95,-5.6916,0.1897,CONTACT,MIR
89.0,-5.8244,0.1941,CONTACT,MIR
89.05,-5.9702,0.199,CONTACT,MIR
89.1,-6.4799,0.184,CONTACT,MIR
89.15,-6.1894,0.1937,CONTACT,MIR
89.2,-5.8537,0.1951,CONTACT,MIR
89.25,-5.7487,0.1916,CONTACT,MIR
89.3,-5.7727,0.1924,CONTACT,MIR
89.35,-6.3206,0.1893,CONTACT,MIR
